# wavelength (nm), photoabsorption (cm^2) photodissociation (cm^2)
6.200000e+00, 3.650000e-19, 0.000000e+00
6.300000e+00, 4.000000e-19, 0.000000e+00
6.400000e+00, 4.237000e-19, 0.000000e+00
6.500000e+00, 4.400000e-19, 0.000000e+00
6.600000e+00, 4.441905e-19, 0.000000e+00
6.700000e+00, 4.620000e-19, 0.000000e+00
6.800000e+00, 4.595111e-19, 0.000000e+00
6.900000e+00, 4.634783e-19, 0.000000e+00
7.000000e+00, 4.834286e-19, 0.000000e+00
7.100000e+00, 4.886667e-19, 0.000000e+00
7.200000e+00, 5.139400e-19, 0.000000e+00
7.300000e+00, 5.401961e-19, 0.000000e+00
7.400000e+00, 5.621111e-19, 0.000000e+00
7.500000e+00, 5.653333e-19, 0.000000e+00
7.600000e+00, 5.746667e-19, 0.000000e+00
7.700000e+00, 5.825000e-19, 0.000000e+00
7.800000e+00, 6.005000e-19, 0.000000e+00
7.900000e+00, 6.340000e-19, 0.000000e+00
8.000000e+00, 6.550000e-19, 0.000000e+00
8.100000e+00, 6.828182e-19, 0.000000e+00
8.200000e+00, 6.997273e-19, 0.000000e+00
8.300000e+00, 6.986364e-19, 0.000000e+00
8.400000e+00, 7.177273e-19, 0.000000e+00
8.500000e+00, 7.507500e-19, 0.000000e+00
8.600000e+00, 7.782500e-19, 0.000000e+00
8.700000e+00, 7.825000e-19, 0.000000e+00
8.800000e+00, 8.061538e-19, 0.000000e+00
8.900000e+00, 8.363333e-19, 0.000000e+00
9.000000e+00, 8.594286e-19, 0.000000e+00
9.100000e+00, 8.715714e-19, 0.000000e+00
9.200000e+00, 8.961538e-19, 0.000000e+00
9.300000e+00, 9.146429e-19, 0.000000e+00
9.400000e+00, 9.263333e-19, 0.000000e+00
9.500000e+00, 9.596667e-19, 0.000000e+00
9.600000e+00, 9.838000e-19, 0.000000e+00
9.700000e+00, 1.004000e-18, 0.000000e+00
9.800000e+00, 1.044000e-18, 0.000000e+00
9.900000e+00, 1.063750e-18, 0.000000e+00
1.000000e+01, 1.070000e-18, 0.000000e+00
1.010000e+01, 1.095000e-18, 0.000000e+00
1.020000e+01, 1.119412e-18, 0.000000e+00
1.030000e+01, 1.142941e-18, 0.000000e+00
1.040000e+01, 1.173333e-18, 0.000000e+00
1.050000e+01, 1.206667e-18, 0.000000e+00
1.060000e+01, 1.225000e-18, 0.000000e+00
1.070000e+01, 1.243684e-18, 0.000000e+00
1.080000e+01, 1.280526e-18, 0.000000e+00
1.090000e+01, 1.315263e-18, 0.000000e+00
1.100000e+01, 1.341579e-18, 0.000000e+00
1.110000e+01, 1.369000e-18, 0.000000e+00
1.120000e+01, 1.399000e-18, 0.000000e+00
1.130000e+01, 1.424286e-18, 0.000000e+00
1.140000e+01, 1.438571e-18, 0.000000e+00
1.150000e+01, 1.457273e-18, 0.000000e+00
1.160000e+01, 1.493636e-18, 0.000000e+00
1.170000e+01, 1.530000e-18, 0.000000e+00
1.180000e+01, 1.557273e-18, 0.000000e+00
1.190000e+01, 1.584545e-18, 0.000000e+00
1.200000e+01, 1.620000e-18, 0.000000e+00
1.210000e+01, 1.657500e-18, 0.000000e+00
1.220000e+01, 1.693333e-18, 0.000000e+00
1.230000e+01, 1.726667e-18, 0.000000e+00
1.240000e+01, 1.760000e-18, 0.000000e+00
1.250000e+01, 1.792000e-18, 0.000000e+00
1.260000e+01, 1.824000e-18, 0.000000e+00
1.270000e+01, 1.870769e-18, 0.000000e+00
1.280000e+01, 1.921429e-18, 0.000000e+00
1.290000e+01, 1.928571e-18, 0.000000e+00
1.300000e+01, 1.973077e-18, 0.000000e+00
1.310000e+01, 2.007143e-18, 0.000000e+00
1.320000e+01, 2.022857e-18, 0.000000e+00
1.330000e+01, 2.051429e-18, 0.000000e+00
1.340000e+01, 2.083333e-18, 0.000000e+00
1.350000e+01, 2.124286e-18, 0.000000e+00
1.360000e+01, 2.195714e-18, 0.000000e+00
1.370000e+01, 2.225000e-18, 0.000000e+00
1.380000e+01, 2.246667e-18, 0.000000e+00
1.390000e+01, 2.280000e-18, 0.000000e+00
1.400000e+01, 2.303125e-18, 0.000000e+00
1.410000e+01, 2.327500e-18, 0.000000e+00
1.420000e+01, 2.402500e-18, 0.000000e+00
1.430000e+01, 2.445882e-18, 0.000000e+00
1.440000e+01, 2.457647e-18, 0.000000e+00
1.450000e+01, 2.460000e-18, 0.000000e+00
1.460000e+01, 2.467059e-18, 0.000000e+00
1.470000e+01, 2.537647e-18, 0.000000e+00
1.480000e+01, 2.602222e-18, 0.000000e+00
1.490000e+01, 2.657778e-18, 0.000000e+00
1.500000e+01, 2.690000e-18, 0.000000e+00
1.510000e+01, 2.706667e-18, 0.000000e+00
1.520000e+01, 2.747895e-18, 0.000000e+00
1.530000e+01, 2.795263e-18, 0.000000e+00
1.540000e+01, 2.823684e-18, 0.000000e+00
1.550000e+01, 2.850000e-18, 0.000000e+00
1.560000e+01, 2.892105e-18, 0.000000e+00
1.570000e+01, 2.932857e-18, 0.000000e+00
1.580000e+01, 2.961429e-18, 0.000000e+00
1.590000e+01, 2.990000e-18, 0.000000e+00
1.600000e+01, 3.040000e-18, 0.000000e+00
1.610000e+01, 3.090000e-18, 0.000000e+00
1.620000e+01, 3.128095e-18, 0.000000e+00
1.630000e+01, 3.166190e-18, 0.000000e+00
1.640000e+01, 3.223182e-18, 0.000000e+00
1.650000e+01, 3.282273e-18, 0.000000e+00
1.660000e+01, 3.322273e-18, 0.000000e+00
1.670000e+01, 3.354091e-18, 0.000000e+00
1.680000e+01, 3.380870e-18, 0.000000e+00
1.690000e+01, 3.402609e-18, 0.000000e+00
1.700000e+01, 3.431667e-18, 0.000000e+00
1.710000e+01, 3.490000e-18, 0.000000e+00
1.720000e+01, 3.548333e-18, 0.000000e+00
1.730000e+01, 3.583333e-18, 0.000000e+00
1.740000e+01, 3.612500e-18, 0.000000e+00
1.750000e+01, 3.646000e-18, 0.000000e+00
1.760000e+01, 3.686000e-18, 0.000000e+00
1.770000e+01, 3.726000e-18, 0.000000e+00
1.780000e+01, 3.771538e-18, 0.000000e+00
1.790000e+01, 3.817692e-18, 0.000000e+00
1.800000e+01, 3.866154e-18, 0.000000e+00
1.810000e+01, 3.920000e-18, 0.000000e+00
1.820000e+01, 3.973846e-18, 0.000000e+00
1.830000e+01, 4.010000e-18, 0.000000e+00
1.840000e+01, 4.038571e-18, 0.000000e+00
1.850000e+01, 4.067143e-18, 0.000000e+00
1.860000e+01, 4.111786e-18, 0.000000e+00
1.870000e+01, 4.158214e-18, 0.000000e+00
1.880000e+01, 4.203929e-18, 0.000000e+00
1.890000e+01, 4.243214e-18, 0.000000e+00
1.900000e+01, 4.282500e-18, 0.000000e+00
1.910000e+01, 4.329000e-18, 0.000000e+00
1.920000e+01, 4.392333e-18, 0.000000e+00
1.930000e+01, 4.455667e-18, 0.000000e+00
1.940000e+01, 4.515484e-18, 0.000000e+00
1.950000e+01, 4.567097e-18, 0.000000e+00
1.960000e+01, 4.618710e-18, 0.000000e+00
1.970000e+01, 4.668125e-18, 0.000000e+00
1.980000e+01, 4.708750e-18, 0.000000e+00
1.990000e+01, 4.749375e-18, 0.000000e+00
2.000000e+01, 4.790000e-18, 0.000000e+00
2.010000e+01, 4.844545e-18, 0.000000e+00
2.020000e+01, 4.899091e-18, 0.000000e+00
2.030000e+01, 4.953636e-18, 0.000000e+00
2.040000e+01, 5.003939e-18, 0.000000e+00
2.050000e+01, 5.052424e-18, 0.000000e+00
2.060000e+01, 5.100909e-18, 0.000000e+00
2.070000e+01, 5.148286e-18, 0.000000e+00
2.080000e+01, 5.194000e-18, 0.000000e+00
2.090000e+01, 5.239714e-18, 0.000000e+00
2.100000e+01, 5.285429e-18, 0.000000e+00
2.110000e+01, 5.365405e-18, 0.000000e+00
2.120000e+01, 5.449189e-18, 0.000000e+00
2.130000e+01, 5.532973e-18, 0.000000e+00
2.140000e+01, 5.600541e-18, 0.000000e+00
2.150000e+01, 5.603243e-18, 0.000000e+00
2.160000e+01, 5.605946e-18, 0.000000e+00
2.170000e+01, 5.608649e-18, 0.000000e+00
2.180000e+01, 5.636923e-18, 0.000000e+00
2.190000e+01, 5.690769e-18, 0.000000e+00
2.200000e+01, 5.744615e-18, 0.000000e+00
2.210000e+01, 5.798462e-18, 0.000000e+00
2.220000e+01, 5.845500e-18, 0.000000e+00
2.230000e+01, 5.888000e-18, 0.000000e+00
2.240000e+01, 5.930500e-18, 0.000000e+00
2.250000e+01, 5.973000e-18, 0.000000e+00
2.260000e+01, 6.024286e-18, 0.000000e+00
2.270000e+01, 6.081429e-18, 0.000000e+00
2.280000e+01, 6.138571e-18, 0.000000e+00
2.290000e+01, 6.195714e-18, 0.000000e+00
2.300000e+01, 6.245814e-18, 0.000000e+00
2.310000e+01, 6.285349e-18, 0.000000e+00
2.320000e+01, 6.324884e-18, 0.000000e+00
2.330000e+01, 6.364419e-18, 0.000000e+00
2.340000e+01, 6.405111e-18, 0.000000e+00
2.350000e+01, 6.456222e-18, 0.000000e+00
2.360000e+01, 6.507333e-18, 0.000000e+00
2.370000e+01, 6.558444e-18, 0.000000e+00
2.380000e+01, 6.609556e-18, 0.000000e+00
2.390000e+01, 6.665745e-18, 0.000000e+00
2.400000e+01, 6.725319e-18, 0.000000e+00
2.410000e+01, 6.784894e-18, 0.000000e+00
2.420000e+01, 6.844468e-18, 0.000000e+00
2.430000e+01, 6.904043e-18, 0.000000e+00
2.440000e+01, 6.952245e-18, 0.000000e+00
2.450000e+01, 6.999184e-18, 0.000000e+00
2.460000e+01, 7.046122e-18, 0.000000e+00
2.470000e+01, 7.093061e-18, 0.000000e+00
2.480000e+01, 7.140000e-18, 0.000000e+00
2.490000e+01, 7.168000e-18, 0.000000e+00
2.500000e+01, 7.196000e-18, 0.000000e+00
2.510000e+01, 7.230000e-18, 0.000000e+00
2.520000e+01, 7.270000e-18, 0.000000e+00
2.530000e+01, 7.310000e-18, 0.000000e+00
2.540000e+01, 7.386923e-18, 0.000000e+00
2.550000e+01, 7.463846e-18, 0.000000e+00
2.560000e+01, 7.533704e-18, 0.000000e+00
2.570000e+01, 7.592963e-18, 0.000000e+00
2.580000e+01, 7.652222e-18, 0.000000e+00
2.590000e+01, 7.675185e-18, 0.000000e+00
2.600000e+01, 7.682593e-18, 0.000000e+00
2.610000e+01, 7.690000e-18, 0.000000e+00
2.620000e+01, 7.772143e-18, 0.000000e+00
2.630000e+01, 7.854286e-18, 0.000000e+00
2.640000e+01, 7.918571e-18, 0.000000e+00
2.650000e+01, 7.911429e-18, 0.000000e+00
2.660000e+01, 7.904286e-18, 0.000000e+00
2.670000e+01, 7.933103e-18, 0.000000e+00
2.680000e+01, 8.015862e-18, 0.000000e+00
2.690000e+01, 8.098621e-18, 0.000000e+00
2.700000e+01, 8.131667e-18, 0.000000e+00
2.710000e+01, 8.115000e-18, 0.000000e+00
2.720000e+01, 8.098333e-18, 0.000000e+00
2.730000e+01, 8.145000e-18, 0.000000e+00
2.740000e+01, 8.255000e-18, 0.000000e+00
2.750000e+01, 8.365000e-18, 0.000000e+00
2.760000e+01, 8.445806e-18, 0.000000e+00
2.770000e+01, 8.497419e-18, 0.000000e+00
2.780000e+01, 8.549032e-18, 0.000000e+00
2.790000e+01, 8.600000e-18, 0.000000e+00
2.800000e+01, 8.650000e-18, 0.000000e+00
2.810000e+01, 8.700000e-18, 0.000000e+00
2.820000e+01, 8.754375e-18, 0.000000e+00
2.830000e+01, 8.826250e-18, 0.000000e+00
2.840000e+01, 8.898125e-18, 0.000000e+00
2.850000e+01, 8.970000e-18, 0.000000e+00
2.860000e+01, 9.000303e-18, 0.000000e+00
2.870000e+01, 9.030606e-18, 0.000000e+00
2.880000e+01, 9.060909e-18, 0.000000e+00
2.890000e+01, 9.131765e-18, 0.000000e+00
2.900000e+01, 9.220000e-18, 0.000000e+00
2.910000e+01, 9.308235e-18, 0.000000e+00
2.920000e+01, 9.380286e-18, 0.000000e+00
2.930000e+01, 9.414571e-18, 0.000000e+00
2.940000e+01, 9.448857e-18, 0.000000e+00
2.950000e+01, 9.483143e-18, 0.000000e+00
2.960000e+01, 9.432222e-18, 0.000000e+00
2.970000e+01, 9.360000e-18, 0.000000e+00
2.980000e+01, 9.287778e-18, 0.000000e+00
2.990000e+01, 9.256667e-18, 0.000000e+00
3.000000e+01, 9.390000e-18, 0.000000e+00
3.010000e+01, 9.523333e-18, 0.000000e+00
3.020000e+01, 9.656667e-18, 0.000000e+00
3.030000e+01, 9.740811e-18, 0.000000e+00
3.040000e+01, 9.792162e-18, 0.000000e+00
3.050000e+01, 9.843514e-18, 0.000000e+00
3.060000e+01, 9.894865e-18, 0.000000e+00
3.070000e+01, 9.946154e-18, 0.000000e+00
3.080000e+01, 9.997436e-18, 0.000000e+00
3.090000e+01, 1.004872e-17, 0.000000e+00
3.100000e+01, 1.010000e-17, 0.000000e+00
3.110000e+01, 1.015128e-17, 0.000000e+00
3.120000e+01, 1.020256e-17, 0.000000e+00
3.130000e+01, 1.025385e-17, 0.000000e+00
3.140000e+01, 1.030000e-17, 0.000000e+00
3.150000e+01, 1.030000e-17, 0.000000e+00
3.160000e+01, 1.030000e-17, 0.000000e+00
3.170000e+01, 1.030000e-17, 0.000000e+00
3.180000e+01, 1.030976e-17, 0.000000e+00
3.190000e+01, 1.040732e-17, 0.000000e+00
3.200000e+01, 1.050488e-17, 0.000000e+00
3.210000e+01, 1.060244e-17, 0.000000e+00
3.220000e+01, 1.070000e-17, 0.000000e+00
3.230000e+01, 1.074651e-17, 0.000000e+00
3.240000e+01, 1.079302e-17, 0.000000e+00
3.250000e+01, 1.083953e-17, 0.000000e+00
3.260000e+01, 1.088605e-17, 0.000000e+00
3.270000e+01, 1.093256e-17, 0.000000e+00
3.280000e+01, 1.097907e-17, 0.000000e+00
3.290000e+01, 1.102558e-17, 0.000000e+00
3.300000e+01, 1.107209e-17, 0.000000e+00
3.310000e+01, 1.111778e-17, 0.000000e+00
3.320000e+01, 1.116222e-17, 0.000000e+00
3.330000e+01, 1.120667e-17, 0.000000e+00
3.340000e+01, 1.125111e-17, 0.000000e+00
3.350000e+01, 1.129556e-17, 0.000000e+00
3.360000e+01, 1.131957e-17, 0.000000e+00
3.370000e+01, 1.134130e-17, 0.000000e+00
3.380000e+01, 1.136304e-17, 0.000000e+00
3.390000e+01, 1.138478e-17, 0.000000e+00
3.400000e+01, 1.143830e-17, 0.000000e+00
3.410000e+01, 1.156596e-17, 0.000000e+00
3.420000e+01, 1.169362e-17, 0.000000e+00
3.430000e+01, 1.182128e-17, 0.000000e+00
3.440000e+01, 1.194894e-17, 0.000000e+00
3.450000e+01, 1.200000e-17, 0.000000e+00
3.460000e+01, 1.200000e-17, 0.000000e+00
3.470000e+01, 1.200000e-17, 0.000000e+00
3.480000e+01, 1.200000e-17, 0.000000e+00
3.490000e+01, 1.200000e-17, 0.000000e+00
3.500000e+01, 1.207143e-17, 0.000000e+00
3.510000e+01, 1.217347e-17, 0.000000e+00
3.520000e+01, 1.227551e-17, 0.000000e+00
3.530000e+01, 1.237755e-17, 0.000000e+00
3.540000e+01, 1.247959e-17, 0.000000e+00
3.550000e+01, 1.250000e-17, 0.000000e+00
3.560000e+01, 1.250000e-17, 0.000000e+00
3.570000e+01, 1.250000e-17, 0.000000e+00
3.580000e+01, 1.250000e-17, 0.000000e+00
3.590000e+01, 1.250000e-17, 0.000000e+00
3.600000e+01, 1.254528e-17, 0.000000e+00
3.610000e+01, 1.262075e-17, 0.000000e+00
3.620000e+01, 1.269623e-17, 0.000000e+00
3.630000e+01, 1.277170e-17, 0.000000e+00
3.640000e+01, 1.284717e-17, 0.000000e+00
3.650000e+01, 1.290556e-17, 0.000000e+00
3.660000e+01, 1.292407e-17, 0.000000e+00
3.670000e+01, 1.294259e-17, 0.000000e+00
3.680000e+01, 1.296111e-17, 0.000000e+00
3.690000e+01, 1.297963e-17, 0.000000e+00
3.700000e+01, 1.299815e-17, 0.000000e+00
3.710000e+01, 1.304821e-17, 0.000000e+00
3.720000e+01, 1.310179e-17, 0.000000e+00
3.730000e+01, 1.315536e-17, 0.000000e+00
3.740000e+01, 1.320893e-17, 0.000000e+00
3.750000e+01, 1.326250e-17, 0.000000e+00
3.760000e+01, 1.332586e-17, 0.000000e+00
3.770000e+01, 1.341207e-17, 0.000000e+00
3.780000e+01, 1.349828e-17, 0.000000e+00
3.790000e+01, 1.358448e-17, 0.000000e+00
3.800000e+01, 1.367069e-17, 0.000000e+00
3.810000e+01, 1.375690e-17, 0.000000e+00
3.820000e+01, 1.380833e-17, 0.000000e+00
3.830000e+01, 1.382500e-17, 0.000000e+00
3.840000e+01, 1.384167e-17, 0.000000e+00
3.850000e+01, 1.385833e-17, 0.000000e+00
3.860000e+01, 1.387500e-17, 0.000000e+00
3.870000e+01, 1.389167e-17, 0.000000e+00
3.880000e+01, 1.392459e-17, 0.000000e+00
3.890000e+01, 1.397377e-17, 0.000000e+00
3.900000e+01, 1.402295e-17, 0.000000e+00
3.910000e+01, 1.407213e-17, 0.000000e+00
3.920000e+01, 1.412131e-17, 0.000000e+00
3.930000e+01, 1.417049e-17, 0.000000e+00
3.940000e+01, 1.421270e-17, 0.000000e+00
3.950000e+01, 1.424444e-17, 0.000000e+00
3.960000e+01, 1.427619e-17, 0.000000e+00
3.970000e+01, 1.430794e-17, 0.000000e+00
3.980000e+01, 1.433968e-17, 0.000000e+00
3.990000e+01, 1.437143e-17, 0.000000e+00
4.000000e+01, 1.440455e-17, 0.000000e+00
4.010000e+01, 1.445000e-17, 0.000000e+00
4.020000e+01, 1.449545e-17, 0.000000e+00
4.030000e+01, 1.454091e-17, 0.000000e+00
4.040000e+01, 1.458636e-17, 0.000000e+00
4.050000e+01, 1.463182e-17, 0.000000e+00
4.060000e+01, 1.467727e-17, 0.000000e+00
4.070000e+01, 1.476618e-17, 0.000000e+00
4.080000e+01, 1.489853e-17, 0.000000e+00
4.090000e+01, 1.503088e-17, 0.000000e+00
4.100000e+01, 1.516324e-17, 0.000000e+00
4.110000e+01, 1.529559e-17, 0.000000e+00
4.120000e+01, 1.542794e-17, 0.000000e+00
4.130000e+01, 1.556029e-17, 0.000000e+00
4.140000e+01, 1.563000e-17, 0.000000e+00
4.150000e+01, 1.567286e-17, 0.000000e+00
4.160000e+01, 1.571571e-17, 0.000000e+00
4.170000e+01, 1.575857e-17, 0.000000e+00
4.180000e+01, 1.580143e-17, 0.000000e+00
4.190000e+01, 1.584429e-17, 0.000000e+00
4.200000e+01, 1.588714e-17, 0.000000e+00
4.210000e+01, 1.593889e-17, 0.000000e+00
4.220000e+01, 1.599444e-17, 0.000000e+00
4.230000e+01, 1.605000e-17, 0.000000e+00
4.240000e+01, 1.610556e-17, 0.000000e+00
4.250000e+01, 1.616111e-17, 0.000000e+00
4.260000e+01, 1.621667e-17, 0.000000e+00
4.270000e+01, 1.627222e-17, 0.000000e+00
4.280000e+01, 1.632667e-17, 0.000000e+00
4.290000e+01, 1.638000e-17, 0.000000e+00
4.300000e+01, 1.643333e-17, 0.000000e+00
4.310000e+01, 1.648667e-17, 0.000000e+00
4.320000e+01, 1.654000e-17, 0.000000e+00
4.330000e+01, 1.659333e-17, 0.000000e+00
4.340000e+01, 1.664667e-17, 0.000000e+00
4.350000e+01, 1.670000e-17, 0.000000e+00
4.360000e+01, 1.676410e-17, 0.000000e+00
4.370000e+01, 1.682821e-17, 0.000000e+00
4.380000e+01, 1.689231e-17, 0.000000e+00
4.390000e+01, 1.695641e-17, 0.000000e+00
4.400000e+01, 1.702051e-17, 0.000000e+00
4.410000e+01, 1.708462e-17, 0.000000e+00
4.420000e+01, 1.714872e-17, 0.000000e+00
4.430000e+01, 1.720741e-17, 0.000000e+00
4.440000e+01, 1.724444e-17, 0.000000e+00
4.450000e+01, 1.728148e-17, 0.000000e+00
4.460000e+01, 1.731852e-17, 0.000000e+00
4.470000e+01, 1.735556e-17, 0.000000e+00
4.480000e+01, 1.739259e-17, 0.000000e+00
4.490000e+01, 1.742963e-17, 0.000000e+00
4.500000e+01, 1.746667e-17, 0.000000e+00
4.510000e+01, 1.749880e-17, 0.000000e+00
4.520000e+01, 1.748675e-17, 0.000000e+00
4.530000e+01, 1.747470e-17, 0.000000e+00
4.540000e+01, 1.746265e-17, 0.000000e+00
4.550000e+01, 1.745060e-17, 0.000000e+00
4.560000e+01, 1.743855e-17, 0.000000e+00
4.570000e+01, 1.742651e-17, 0.000000e+00
4.580000e+01, 1.741446e-17, 0.000000e+00
4.590000e+01, 1.740241e-17, 0.000000e+00
4.600000e+01, 1.743678e-17, 0.000000e+00
4.610000e+01, 1.748276e-17, 0.000000e+00
4.620000e+01, 1.752874e-17, 0.000000e+00
4.630000e+01, 1.757471e-17, 0.000000e+00
4.640000e+01, 1.762069e-17, 0.000000e+00
4.650000e+01, 1.766667e-17, 0.000000e+00
4.660000e+01, 1.771264e-17, 0.000000e+00
4.670000e+01, 1.775862e-17, 0.000000e+00
4.680000e+01, 1.780222e-17, 0.000000e+00
4.690000e+01, 1.782444e-17, 0.000000e+00
4.700000e+01, 1.784667e-17, 0.000000e+00
4.710000e+01, 1.786889e-17, 0.000000e+00
4.720000e+01, 1.789111e-17, 0.000000e+00
4.730000e+01, 1.791333e-17, 0.000000e+00
4.740000e+01, 1.793556e-17, 0.000000e+00
4.750000e+01, 1.795778e-17, 0.000000e+00
4.760000e+01, 1.798000e-17, 0.000000e+00
4.770000e+01, 1.800753e-17, 0.000000e+00
4.780000e+01, 1.808280e-17, 0.000000e+00
4.790000e+01, 1.815806e-17, 0.000000e+00
4.800000e+01, 1.823333e-17, 0.000000e+00
4.810000e+01, 1.830860e-17, 0.000000e+00
4.820000e+01, 1.838387e-17, 0.000000e+00
4.830000e+01, 1.845914e-17, 0.000000e+00
4.840000e+01, 1.853441e-17, 0.000000e+00
4.850000e+01, 1.860968e-17, 0.000000e+00
4.860000e+01, 1.868495e-17, 0.000000e+00
4.870000e+01, 1.870000e-17, 0.000000e+00
4.880000e+01, 1.870000e-17, 0.000000e+00
4.890000e+01, 1.870000e-17, 0.000000e+00
4.900000e+01, 1.870000e-17, 0.000000e+00
4.910000e+01, 1.870000e-17, 0.000000e+00
4.920000e+01, 1.870000e-17, 0.000000e+00
4.930000e+01, 1.870000e-17, 0.000000e+00
4.940000e+01, 1.870000e-17, 0.000000e+00
4.950000e+01, 1.870000e-17, 0.000000e+00
4.960000e+01, 1.870490e-17, 0.000000e+00
4.970000e+01, 1.875392e-17, 0.000000e+00
4.980000e+01, 1.880294e-17, 0.000000e+00
4.990000e+01, 1.885196e-17, 0.000000e+00
5.000000e+01, 1.890098e-17, 0.000000e+00
5.010000e+01, 1.895000e-17, 0.000000e+00
5.020000e+01, 1.899902e-17, 0.000000e+00
5.030000e+01, 1.904804e-17, 0.000000e+00
5.040000e+01, 1.909706e-17, 0.000000e+00
5.050000e+01, 1.914608e-17, 0.000000e+00
5.060000e+01, 1.919510e-17, 0.000000e+00
5.070000e+01, 1.927714e-17, 0.000000e+00
5.080000e+01, 1.936286e-17, 0.000000e+00
5.090000e+01, 1.944857e-17, 0.000000e+00
5.100000e+01, 1.953429e-17, 0.000000e+00
5.110000e+01, 1.962000e-17, 0.000000e+00
5.120000e+01, 1.970571e-17, 0.000000e+00
5.130000e+01, 1.979143e-17, 0.000000e+00
5.140000e+01, 1.987714e-17, 0.000000e+00
5.150000e+01, 1.996286e-17, 0.000000e+00
5.160000e+01, 2.004857e-17, 0.000000e+00
5.170000e+01, 2.010364e-17, 0.000000e+00
5.180000e+01, 2.011273e-17, 0.000000e+00
5.190000e+01, 2.012182e-17, 0.000000e+00
5.200000e+01, 2.013091e-17, 0.000000e+00
5.210000e+01, 2.014000e-17, 0.000000e+00
5.220000e+01, 2.014909e-17, 0.000000e+00
5.230000e+01, 2.015818e-17, 0.000000e+00
5.240000e+01, 2.016727e-17, 0.000000e+00
5.250000e+01, 2.017636e-17, 0.000000e+00
5.260000e+01, 2.018545e-17, 0.000000e+00
5.270000e+01, 2.019455e-17, 0.000000e+00
5.280000e+01, 2.021043e-17, 0.000000e+00
5.290000e+01, 2.023652e-17, 0.000000e+00
5.300000e+01, 2.026261e-17, 0.000000e+00
5.310000e+01, 2.028870e-17, 0.000000e+00
5.320000e+01, 2.031478e-17, 0.000000e+00
5.330000e+01, 2.034087e-17, 0.000000e+00
5.340000e+01, 2.036696e-17, 0.000000e+00
5.350000e+01, 2.039304e-17, 0.000000e+00
5.360000e+01, 2.041913e-17, 0.000000e+00
5.370000e+01, 2.044522e-17, 0.000000e+00
5.380000e+01, 2.047130e-17, 0.000000e+00
5.390000e+01, 2.049739e-17, 0.000000e+00
5.400000e+01, 2.053025e-17, 0.000000e+00
5.410000e+01, 2.056387e-17, 0.000000e+00
5.420000e+01, 2.059748e-17, 0.000000e+00
5.430000e+01, 2.063109e-17, 0.000000e+00
5.440000e+01, 2.066471e-17, 0.000000e+00
5.450000e+01, 2.069832e-17, 0.000000e+00
5.460000e+01, 2.073193e-17, 0.000000e+00
5.470000e+01, 2.076555e-17, 0.000000e+00
5.480000e+01, 2.079916e-17, 0.000000e+00
5.490000e+01, 2.083277e-17, 0.000000e+00
5.500000e+01, 2.086639e-17, 0.000000e+00
5.510000e+01, 2.090000e-17, 0.000000e+00
5.520000e+01, 2.093968e-17, 0.000000e+00
5.530000e+01, 2.097937e-17, 0.000000e+00
5.540000e+01, 2.101905e-17, 0.000000e+00
5.550000e+01, 2.105873e-17, 0.000000e+00
5.560000e+01, 2.109841e-17, 0.000000e+00
5.570000e+01, 2.113810e-17, 0.000000e+00
5.580000e+01, 2.117778e-17, 0.000000e+00
5.590000e+01, 2.121746e-17, 0.000000e+00
5.600000e+01, 2.125714e-17, 0.000000e+00
5.610000e+01, 2.129683e-17, 0.000000e+00
5.620000e+01, 2.133651e-17, 0.000000e+00
5.630000e+01, 2.137619e-17, 0.000000e+00
5.640000e+01, 2.126169e-17, 0.000000e+00
5.650000e+01, 2.091592e-17, 0.000000e+00
5.660000e+01, 2.088379e-17, 0.000000e+00
5.670000e+01, 2.096998e-17, 2.406098e-22
5.680000e+01, 2.092064e-17, 9.548618e-22
5.690000e+01, 2.106341e-17, 3.864908e-20
5.700000e+01, 2.111180e-17, 6.608944e-20
5.710000e+01, 2.116639e-17, 9.671204e-20
5.720000e+01, 2.135105e-17, 1.519497e-19
5.730000e+01, 2.139377e-17, 1.850763e-19
5.740000e+01, 2.143629e-17, 1.889503e-19
5.750000e+01, 2.147868e-17, 1.714528e-19
5.760000e+01, 2.144825e-17, 1.547244e-19
5.770000e+01, 2.146726e-17, 1.634718e-19
5.780000e+01, 2.158058e-17, 1.943258e-19
5.790000e+01, 2.153769e-17, 1.440210e-19
5.800000e+01, 2.164869e-17, 1.601486e-19
5.810000e+01, 2.179152e-17, 2.314463e-19
5.820000e+01, 2.184584e-17, 2.570532e-19
5.830000e+01, 2.181460e-17, 2.335519e-19
5.840000e+01, 2.176188e-17, 1.475622e-19
5.850000e+01, 2.170877e-17, 6.185444e-20
5.860000e+01, 2.166825e-17, 2.649094e-20
5.870000e+01, 2.163793e-17, 4.346075e-22
5.880000e+01, 2.163803e-17, 2.166829e-21
5.890000e+01, 2.170567e-17, 2.146877e-20
5.900000e+01, 2.183089e-17, 5.488669e-20
5.910000e+01, 2.180052e-17, 4.492616e-20
5.920000e+01, 2.177565e-17, 3.062019e-20
5.930000e+01, 2.175459e-17, 1.330533e-20
5.940000e+01, 2.179345e-17, 3.679005e-21
5.950000e+01, 2.193928e-17, 2.701427e-20
5.960000e+01, 2.187665e-17, 6.676440e-20
5.970000e+01, 2.201646e-17, 8.551857e-20
5.980000e+01, 2.205579e-17, 8.910739e-20
5.990000e+01, 2.204435e-17, 8.503242e-20
6.000000e+01, 2.203866e-17, 5.855614e-20
6.010000e+01, 2.203878e-17, 9.505044e-21
6.020000e+01, 2.196999e-17, 0.000000e+00
6.030000e+01, 2.193929e-17, 7.758647e-21
6.040000e+01, 2.201227e-17, 3.024107e-20
6.050000e+01, 2.214224e-17, 9.245978e-20
6.060000e+01, 2.226646e-17, 1.530268e-19
6.070000e+01, 2.233411e-17, 1.775920e-19
6.080000e+01, 2.229242e-17, 1.967205e-19
6.090000e+01, 2.227519e-17, 2.245207e-19
6.100000e+01, 2.230029e-17, 2.639986e-19
6.110000e+01, 2.233197e-17, 2.752182e-19
6.120000e+01, 2.235508e-17, 2.535697e-19
6.130000e+01, 2.230565e-17, 2.440305e-19
6.140000e+01, 2.251263e-17, 3.489042e-19
6.150000e+01, 2.252436e-17, 4.005121e-19
6.160000e+01, 2.252425e-17, 4.415782e-19
6.170000e+01, 2.254878e-17, 4.811400e-19
6.180000e+01, 2.256957e-17, 5.117189e-19
6.190000e+01, 2.258358e-17, 5.259805e-19
6.200000e+01, 2.257195e-17, 5.371799e-19
6.210000e+01, 2.253984e-17, 5.459338e-19
6.220000e+01, 2.253713e-17, 5.602284e-19
6.230000e+01, 2.263323e-17, 5.931491e-19
6.240000e+01, 2.268107e-17, 6.236922e-19
6.250000e+01, 2.270205e-17, 6.606394e-19
6.260000e+01, 2.270864e-17, 7.003805e-19
6.270000e+01, 2.268769e-17, 7.362424e-19
6.280000e+01, 2.266674e-17, 7.721042e-19
6.290000e+01, 2.273892e-17, 8.236164e-19
6.300000e+01, 2.279504e-17, 8.706985e-19
6.310000e+01, 2.280852e-17, 9.073245e-19
6.320000e+01, 2.280825e-17, 9.299909e-19
6.330000e+01, 2.279278e-17, 9.372133e-19
6.340000e+01, 2.275880e-17, 9.250788e-19
6.350000e+01, 2.266523e-17, 9.266493e-19
6.360000e+01, 2.254337e-17, 9.497773e-19
6.370000e+01, 2.255654e-17, 1.003825e-18
6.380000e+01, 2.261232e-17, 1.066060e-18
6.390000e+01, 2.274685e-17, 1.146060e-18
6.400000e+01, 2.272142e-17, 1.217507e-18
6.410000e+01, 2.289190e-17, 1.341398e-18
6.420000e+01, 2.299146e-17, 1.427482e-18
6.430000e+01, 2.299353e-17, 1.446713e-18
6.440000e+01, 2.274363e-17, 1.390621e-18
6.450000e+01, 2.253422e-17, 1.335826e-18
6.460000e+01, 2.257691e-17, 1.325349e-18
6.470000e+01, 2.256365e-17, 1.337791e-18
6.480000e+01, 2.245263e-17, 1.385158e-18
6.490000e+01, 2.262201e-17, 1.507765e-18
6.500000e+01, 2.296159e-17, 1.782923e-18
6.510000e+01, 2.308023e-17, 1.940524e-18
6.520000e+01, 2.307031e-17, 2.018760e-18
6.530000e+01, 2.289610e-17, 2.007759e-18
6.540000e+01, 2.267207e-17, 2.006801e-18
6.550000e+01, 2.260262e-17, 2.022109e-18
6.560000e+01, 2.256112e-17, 2.056376e-18
6.570000e+01, 2.252422e-17, 2.093765e-18
6.580000e+01, 2.262570e-17, 2.202195e-18
6.590000e+01, 2.274486e-17, 2.323797e-18
6.600000e+01, 2.276626e-17, 2.435946e-18
6.610000e+01, 2.278767e-17, 2.548094e-18
6.620000e+01, 2.276127e-17, 2.622614e-18
6.630000e+01, 2.271026e-17, 2.629876e-18
6.640000e+01, 2.248920e-17, 2.697541e-18
6.650000e+01, 2.229631e-17, 2.762114e-18
6.660000e+01, 2.237757e-17, 2.848926e-18
6.670000e+01, 2.240559e-17, 2.923899e-18
6.680000e+01, 2.249739e-17, 3.028729e-18
6.690000e+01, 2.264564e-17, 3.162607e-18
6.700000e+01, 2.271485e-17, 3.355788e-18
6.710000e+01, 2.281143e-17, 3.538272e-18
6.720000e+01, 2.282777e-17, 3.645544e-18
6.730000e+01, 2.248694e-17, 3.653419e-18
6.740000e+01, 2.222828e-17, 3.625128e-18
6.750000e+01, 2.184265e-17, 3.537908e-18
6.760000e+01, 2.183251e-17, 3.567090e-18
6.770000e+01, 2.210487e-17, 3.766699e-18
6.780000e+01, 2.241140e-17, 4.060191e-18
6.790000e+01, 2.261254e-17, 4.310246e-18
6.800000e+01, 2.267977e-17, 4.472035e-18
6.810000e+01, 2.272781e-17, 4.635377e-18
6.820000e+01, 2.280972e-17, 4.831365e-18
6.830000e+01, 2.321123e-17, 5.135734e-18
6.840000e+01, 2.310360e-17, 5.191306e-18
6.850000e+01, 2.280776e-17, 5.149715e-18
6.860000e+01, 2.214430e-17, 4.948701e-18
6.870000e+01, 2.199778e-17, 4.899913e-18
6.880000e+01, 2.209049e-17, 4.923900e-18
6.890000e+01, 2.234708e-17, 5.027318e-18
6.900000e+01, 2.256184e-17, 5.123705e-18
6.910000e+01, 2.271847e-17, 5.211476e-18
6.920000e+01, 2.274237e-17, 5.249930e-18
6.930000e+01, 2.276461e-17, 5.287769e-18
6.940000e+01, 2.273276e-17, 5.290626e-18
6.950000e+01, 2.268209e-17, 5.266610e-18
6.960000e+01, 2.236730e-17, 5.120549e-18
6.970000e+01, 2.191531e-17, 4.900119e-18
6.980000e+01, 2.179294e-17, 4.848725e-18
6.990000e+01, 2.157950e-17, 4.794983e-18
7.000000e+01, 2.162908e-17, 4.869487e-18
7.010000e+01, 2.174671e-17, 4.956619e-18
7.020000e+01, 2.188327e-17, 5.036902e-18
7.030000e+01, 2.204984e-17, 5.100066e-18
7.040000e+01, 2.225201e-17, 5.157276e-18
7.050000e+01, 2.249202e-17, 5.200914e-18
7.060000e+01, 2.272733e-17, 5.233166e-18
7.070000e+01, 2.262683e-17, 5.193368e-18
7.080000e+01, 2.222164e-17, 5.089220e-18
7.090000e+01, 2.180619e-17, 4.985318e-18
7.100000e+01, 2.148057e-17, 4.913248e-18
7.110000e+01, 2.124821e-17, 4.871993e-18
7.120000e+01, 2.114185e-17, 4.867681e-18
7.130000e+01, 2.134750e-17, 4.949195e-18
7.140000e+01, 2.152895e-17, 5.040156e-18
7.150000e+01, 2.169341e-17, 5.144319e-18
7.160000e+01, 2.186894e-17, 5.269390e-18
7.170000e+01, 2.223362e-17, 5.442223e-18
7.180000e+01, 2.251315e-17, 5.596413e-18
7.190000e+01, 2.255851e-17, 5.618608e-18
7.200000e+01, 2.249876e-17, 5.574715e-18
7.210000e+01, 2.239238e-17, 5.537810e-18
7.220000e+01, 2.223445e-17, 5.503828e-18
7.230000e+01, 2.200578e-17, 5.457243e-18
7.240000e+01, 2.184654e-17, 5.411986e-18
7.250000e+01, 2.163448e-17, 5.351594e-18
7.260000e+01, 2.134876e-17, 5.272223e-18
7.270000e+01, 2.107429e-17, 5.129000e-18
7.280000e+01, 2.080604e-17, 4.976821e-18
7.290000e+01, 2.060413e-17, 4.852197e-18
7.300000e+01, 2.065674e-17, 4.788881e-18
7.310000e+01, 2.092446e-17, 4.917512e-18
7.320000e+01, 2.150191e-17, 5.243320e-18
7.330000e+01, 2.225837e-17, 5.638802e-18
7.340000e+01, 2.254429e-17, 5.808607e-18
7.350000e+01, 2.235327e-17, 5.830715e-18
7.360000e+01, 2.185257e-17, 5.646624e-18
7.370000e+01, 2.122570e-17, 5.333491e-18
7.380000e+01, 2.078437e-17, 5.092701e-18
7.390000e+01, 2.051428e-17, 4.957943e-18
7.400000e+01, 2.036258e-17, 4.938908e-18
7.410000e+01, 2.041690e-17, 4.984340e-18
7.420000e+01, 2.039080e-17, 4.977706e-18
7.430000e+01, 2.005773e-17, 4.814555e-18
7.440000e+01, 1.980968e-17, 4.665602e-18
7.450000e+01, 1.957904e-17, 4.498344e-18
7.460000e+01, 1.994886e-17, 4.700130e-18
7.470000e+01, 2.067973e-17, 5.108266e-18
7.480000e+01, 2.152962e-17, 5.609346e-18
7.490000e+01, 2.243633e-17, 6.155157e-18
7.500000e+01, 2.245528e-17, 6.214429e-18
7.510000e+01, 2.179427e-17, 5.922091e-18
7.520000e+01, 2.025277e-17, 5.173439e-18
7.530000e+01, 1.928021e-17, 4.691343e-18
7.540000e+01, 1.835121e-17, 4.191759e-18
7.550000e+01, 1.825261e-17, 4.085138e-18
7.560000e+01, 1.853018e-17, 4.153642e-18
7.570000e+01, 1.920355e-17, 4.451773e-18
7.580000e+01, 1.934654e-17, 4.532030e-18
7.590000e+01, 1.937823e-17, 4.549275e-18
7.600000e+01, 1.917394e-17, 4.469388e-18
7.610000e+01, 1.863225e-17, 4.201558e-18
7.620000e+01, 1.856627e-17, 4.136620e-18
7.630000e+01, 1.870861e-17, 4.215459e-18
7.640000e+01, 1.916497e-17, 4.478458e-18
7.650000e+01, 1.957167e-17, 4.719895e-18
7.660000e+01, 1.971746e-17, 4.819000e-18
7.670000e+01, 1.934574e-17, 4.655467e-18
7.680000e+01, 1.862815e-17, 4.298039e-18
7.690000e+01, 1.789986e-17, 3.909553e-18
7.700000e+01, 1.727736e-17, 3.581813e-18
7.710000e+01, 1.709882e-17, 3.514920e-18
7.720000e+01, 1.735739e-17, 3.649791e-18
7.730000e+01, 1.760738e-17, 3.774400e-18
7.740000e+01, 1.796008e-17, 3.968266e-18
7.750000e+01, 1.825549e-17, 4.148692e-18
7.760000e+01, 1.827148e-17, 4.156306e-18
7.770000e+01, 1.802647e-17, 3.981119e-18
7.780000e+01, 1.758586e-17, 3.705222e-18
7.790000e+01, 1.724393e-17, 3.498766e-18
7.800000e+01, 1.717163e-17, 3.454283e-18
7.810000e+01, 1.722573e-17, 3.494159e-18
7.820000e+01, 1.730708e-17, 3.558712e-18
7.830000e+01, 1.733977e-17, 3.585996e-18
7.840000e+01, 1.729145e-17, 3.551236e-18
7.850000e+01, 1.720215e-17, 3.480739e-18
7.860000e+01, 1.701376e-17, 3.331540e-18
7.870000e+01, 1.677025e-17, 3.225512e-18
7.880000e+01, 1.671046e-17, 3.221609e-18
7.890000e+01, 1.668018e-17, 3.231641e-18
7.900000e+01, 1.682977e-17, 3.326632e-18
7.910000e+01, 1.697204e-17, 3.414490e-18
7.920000e+01, 1.710609e-17, 3.494339e-18
7.930000e+01, 1.711029e-17, 3.499040e-18
7.940000e+01, 1.705328e-17, 3.473119e-18
7.950000e+01, 1.676096e-17, 3.349756e-18
7.960000e+01, 1.654736e-17, 3.261859e-18
7.970000e+01, 1.645386e-17, 3.238509e-18
7.980000e+01, 1.640960e-17, 3.229029e-18
7.990000e+01, 1.650292e-17, 3.258299e-18
8.000000e+01, 1.657592e-17, 3.277102e-18
8.010000e+01, 1.650351e-17, 3.221018e-18
8.020000e+01, 1.639103e-17, 3.168401e-18
8.030000e+01, 1.622979e-17, 3.125207e-18
8.040000e+01, 1.617227e-17, 3.121195e-18
8.050000e+01, 1.613563e-17, 3.152852e-18
8.060000e+01, 1.632270e-17, 3.337632e-18
8.070000e+01, 1.667119e-17, 3.528732e-18
8.080000e+01, 1.686317e-17, 3.719434e-18
8.090000e+01, 1.686831e-17, 3.813883e-18
8.100000e+01, 1.687781e-17, 3.909599e-18
8.110000e+01, 1.689324e-17, 3.989016e-18
8.120000e+01, 1.692716e-17, 4.017682e-18
8.130000e+01, 1.696805e-17, 4.048008e-18
8.140000e+01, 1.716792e-17, 4.116041e-18
8.150000e+01, 1.687070e-17, 4.059430e-18
8.160000e+01, 1.652370e-17, 3.973484e-18
8.170000e+01, 1.618608e-17, 3.884000e-18
8.180000e+01, 1.617267e-17, 3.916145e-18
8.190000e+01, 1.624663e-17, 3.965041e-18
8.200000e+01, 1.651120e-17, 4.129550e-18
8.210000e+01, 1.704608e-17, 4.444681e-18
8.220000e+01, 1.705977e-17, 4.496658e-18
8.230000e+01, 1.658616e-17, 4.370753e-18
8.240000e+01, 1.638655e-17, 4.365634e-18
8.250000e+01, 1.641060e-17, 4.407012e-18
8.260000e+01, 1.682749e-17, 4.659163e-18
8.270000e+01, 1.732751e-17, 4.917389e-18
8.280000e+01, 1.778940e-17, 5.180425e-18
8.290000e+01, 1.766411e-17, 5.224547e-18
8.300000e+01, 1.733290e-17, 5.193794e-18
8.310000e+01, 1.712537e-17, 5.233302e-18
8.320000e+01, 1.725004e-17, 5.367199e-18
8.330000e+01, 1.760268e-17, 5.622484e-18
8.340000e+01, 1.789288e-17, 5.842882e-18
8.350000e+01, 1.815922e-17, 6.054416e-18
8.360000e+01, 1.822987e-17, 6.213132e-18
8.370000e+01, 1.788437e-17, 6.122276e-18
8.380000e+01, 1.747474e-17, 5.973909e-18
8.390000e+01, 1.727728e-17, 5.928986e-18
8.400000e+01, 1.749031e-17, 6.093470e-18
8.410000e+01, 1.796796e-17, 6.454088e-18
8.420000e+01, 1.851161e-17, 6.880109e-18
8.430000e+01, 1.860144e-17, 6.996582e-18
8.440000e+01, 1.810366e-17, 6.771318e-18
8.450000e+01, 1.751192e-17, 6.528051e-18
8.460000e+01, 1.738519e-17, 6.505909e-18
8.470000e+01, 1.776053e-17, 6.775764e-18
8.480000e+01, 1.826126e-17, 7.193764e-18
8.490000e+01, 1.881543e-17, 7.673879e-18
8.500000e+01, 1.916034e-17, 8.000746e-18
8.510000e+01, 1.897792e-17, 8.011990e-18
8.520000e+01, 1.824755e-17, 7.648304e-18
8.530000e+01, 1.806407e-17, 7.621904e-18
8.540000e+01, 1.871188e-17, 8.175969e-18
8.550000e+01, 1.920917e-17, 8.643577e-18
8.560000e+01, 1.951275e-17, 8.999917e-18
8.570000e+01, 1.971926e-17, 9.179520e-18
8.580000e+01, 1.954522e-17, 9.100083e-18
8.590000e+01, 1.901532e-17, 8.787134e-18
8.600000e+01, 1.857488e-17, 8.558931e-18
8.610000e+01, 1.891078e-17, 8.832848e-18
8.620000e+01, 1.934209e-17, 9.217571e-18
8.630000e+01, 1.945822e-17, 9.360479e-18
8.640000e+01, 1.970862e-17, 9.594120e-18
8.650000e+01, 1.985057e-17, 9.733381e-18
8.660000e+01, 1.991286e-17, 9.824008e-18
8.670000e+01, 1.959985e-17, 9.751960e-18
8.680000e+01, 1.926260e-17, 9.699928e-18
8.690000e+01, 1.962599e-17, 1.003369e-17
8.700000e+01, 1.973159e-17, 1.018170e-17
8.710000e+01, 1.983720e-17, 1.032972e-17
8.720000e+01, 1.992364e-17, 1.046266e-17
8.730000e+01, 1.979412e-17, 1.042569e-17
8.740000e+01, 1.960356e-17, 1.034863e-17
8.750000e+01, 1.953469e-17, 1.038712e-17
8.760000e+01, 1.979803e-17, 1.066775e-17
8.770000e+01, 2.012038e-17, 1.094832e-17
8.780000e+01, 2.033219e-17, 1.119351e-17
8.790000e+01, 2.001015e-17, 1.102763e-17
8.800000e+01, 1.943584e-17, 1.066149e-17
8.810000e+01, 1.923432e-17, 1.053384e-17
8.820000e+01, 1.939707e-17, 1.064400e-17
8.830000e+01, 1.998923e-17, 1.108919e-17
8.840000e+01, 2.084468e-17, 1.176166e-17
8.850000e+01, 2.105155e-17, 1.200841e-17
8.860000e+01, 2.039977e-17, 1.165399e-17
8.870000e+01, 1.982706e-17, 1.129676e-17
8.880000e+01, 1.937000e-17, 1.099788e-17
8.890000e+01, 1.962660e-17, 1.114906e-17
8.900000e+01, 2.074929e-17, 1.197201e-17
8.910000e+01, 2.206888e-17, 1.302082e-17
8.920000e+01, 2.251035e-17, 1.346945e-17
8.930000e+01, 2.183236e-17, 1.309298e-17
8.940000e+01, 2.061929e-17, 1.226918e-17
8.950000e+01, 1.973200e-17, 1.167280e-17
8.960000e+01, 1.955742e-17, 1.155181e-17
8.970000e+01, 2.058510e-17, 1.227716e-17
8.980000e+01, 2.234260e-17, 1.357202e-17
8.990000e+01, 2.379811e-17, 1.469533e-17
9.000000e+01, 2.373182e-17, 1.477971e-17
9.010000e+01, 2.232786e-17, 1.384013e-17
9.020000e+01, 2.110827e-17, 1.295226e-17
9.030000e+01, 1.978387e-17, 1.202503e-17
9.040000e+01, 1.967244e-17, 1.194862e-17
9.050000e+01, 2.070265e-17, 1.269981e-17
9.060000e+01, 2.236063e-17, 1.395646e-17
9.070000e+01, 2.344833e-17, 1.478211e-17
9.080000e+01, 2.345688e-17, 1.481660e-17
9.090000e+01, 2.233313e-17, 1.410930e-17
9.100000e+01, 2.146057e-17, 1.350375e-17
9.110000e+01, 2.052574e-17, 1.281660e-17
9.120000e+01, 2.021153e-17, 1.259341e-17
9.130000e+01, 2.112287e-17, 1.327031e-17
9.140000e+01, 2.230305e-17, 1.412989e-17
9.150000e+01, 2.362711e-17, 1.514572e-17
9.160000e+01, 2.374756e-17, 1.538416e-17
9.170000e+01, 2.298154e-17, 1.490954e-17
9.180000e+01, 2.148297e-17, 1.369828e-17
9.190000e+01, 2.058337e-17, 1.295728e-17
9.200000e+01, 1.989492e-17, 1.239759e-17
9.210000e+01, 2.000683e-17, 1.248538e-17
9.220000e+01, 2.141292e-17, 1.356940e-17
9.230000e+01, 2.299775e-17, 1.483117e-17
9.240000e+01, 2.416222e-17, 1.588208e-17
9.250000e+01, 2.423573e-17, 1.611661e-17
9.260000e+01, 2.265699e-17, 1.499268e-17
9.270000e+01, 2.132228e-17, 1.390627e-17
9.280000e+01, 2.025038e-17, 1.304846e-17
9.290000e+01, 2.014968e-17, 1.291797e-17
9.300000e+01, 2.123651e-17, 1.370456e-17
9.310000e+01, 2.277905e-17, 1.485068e-17
9.320000e+01, 2.344229e-17, 1.535787e-17
9.330000e+01, 2.311716e-17, 1.521637e-17
9.340000e+01, 2.238985e-17, 1.470302e-17
9.350000e+01, 2.155919e-17, 1.407654e-17
9.360000e+01, 2.048240e-17, 1.329430e-17
9.370000e+01, 2.052127e-17, 1.333417e-17
9.380000e+01, 2.139299e-17, 1.403601e-17
9.390000e+01, 2.223628e-17, 1.472473e-17
9.400000e+01, 2.293306e-17, 1.525258e-17
9.410000e+01, 2.257850e-17, 1.494507e-17
9.420000e+01, 2.188222e-17, 1.437180e-17
9.430000e+01, 2.088742e-17, 1.365485e-17
9.440000e+01, 2.026226e-17, 1.325129e-17
9.450000e+01, 1.976374e-17, 1.293032e-17
9.460000e+01, 1.969695e-17, 1.289239e-17
9.470000e+01, 2.001255e-17, 1.308910e-17
9.480000e+01, 2.023781e-17, 1.321329e-17
9.490000e+01, 2.027647e-17, 1.321391e-17
9.500000e+01, 2.011334e-17, 1.308457e-17
9.510000e+01, 1.927073e-17, 1.254129e-17
9.520000e+01, 1.865789e-17, 1.216478e-17
9.530000e+01, 1.797202e-17, 1.174412e-17
9.540000e+01, 1.753905e-17, 1.148717e-17
9.550000e+01, 1.741135e-17, 1.142011e-17
9.560000e+01, 1.732752e-17, 1.138318e-17
9.570000e+01, 1.779092e-17, 1.166692e-17
9.580000e+01, 1.774575e-17, 1.159628e-17
9.590000e+01, 1.697876e-17, 1.096469e-17
9.600000e+01, 1.608031e-17, 1.026114e-17
9.610000e+01, 1.549303e-17, 9.814347e-18
9.620000e+01, 1.589872e-17, 1.009907e-17
9.630000e+01, 1.597905e-17, 1.019731e-17
9.640000e+01, 1.605179e-17, 1.026081e-17
9.650000e+01, 1.630812e-17, 1.044774e-17
9.660000e+01, 1.658412e-17, 1.060644e-17
9.670000e+01, 1.605194e-17, 1.024603e-17
9.680000e+01, 1.535942e-17, 9.767019e-18
9.690000e+01, 1.451392e-17, 9.140043e-18
9.700000e+01, 1.420612e-17, 8.900062e-18
9.710000e+01, 1.397170e-17, 8.688580e-18
9.720000e+01, 1.385901e-17, 8.566953e-18
9.730000e+01, 1.366835e-17, 8.402982e-18
9.740000e+01, 1.366115e-17, 8.435566e-18
9.750000e+01, 1.374656e-17, 8.518822e-18
9.760000e+01, 1.372092e-17, 8.525131e-18
9.770000e+01, 1.363219e-17, 8.500449e-18
9.780000e+01, 1.397125e-17, 8.779592e-18
9.790000e+01, 1.413422e-17, 9.011427e-18
9.800000e+01, 1.380513e-17, 9.039579e-18
9.810000e+01, 1.287382e-17, 8.817161e-18
9.820000e+01, 1.244887e-17, 9.457788e-18
9.830000e+01, 1.218587e-17, 1.014037e-17
9.840000e+01, 1.184440e-17, 1.077764e-17
9.850000e+01, 1.151376e-17, 1.110731e-17
9.860000e+01, 1.119759e-17, 1.102594e-17
9.870000e+01, 1.108278e-17, 1.104395e-17
9.880000e+01, 1.121033e-17, 1.118157e-17
9.890000e+01, 1.134079e-17, 1.132607e-17
9.900000e+01, 1.160503e-17, 1.160503e-17
9.910000e+01, 1.244449e-17, 1.244449e-17
9.920000e+01, 1.327206e-17, 1.327206e-17
9.930000e+01, 1.399266e-17, 1.399266e-17
9.940000e+01, 1.471327e-17, 1.471327e-17
9.950000e+01, 1.543387e-17, 1.543387e-17
9.960000e+01, 1.615448e-17, 1.615448e-17
9.970000e+01, 1.687508e-17, 1.687508e-17
9.980000e+01, 1.543103e-17, 1.543103e-17
9.990000e+01, 1.838118e-17, 1.838118e-17
1.000000e+02, 1.735911e-17, 1.735911e-17
1.001000e+02, 1.578829e-17, 1.578829e-17
1.002000e+02, 1.598555e-17, 1.598555e-17
1.003000e+02, 1.669317e-17, 1.669317e-17
1.004000e+02, 1.787296e-17, 1.787296e-17
1.005000e+02, 1.709315e-17, 1.709315e-17
1.006000e+02, 1.461368e-17, 1.461368e-17
1.007000e+02, 1.320421e-17, 1.320421e-17
1.008000e+02, 1.293473e-17, 1.293473e-17
1.009000e+02, 1.308648e-17, 1.308648e-17
1.010000e+02, 1.311811e-17, 1.311811e-17
1.011000e+02, 1.459409e-17, 1.459409e-17
1.012000e+02, 1.797496e-17, 1.797496e-17
1.013000e+02, 2.025165e-17, 2.025165e-17
1.014000e+02, 1.652669e-17, 1.652669e-17
1.015000e+02, 1.150390e-17, 1.150390e-17
1.016000e+02, 1.110183e-17, 1.110183e-17
1.017000e+02, 1.175649e-17, 1.175649e-17
1.018000e+02, 1.201902e-17, 1.201902e-17
1.019000e+02, 1.171431e-17, 1.171431e-17
1.020000e+02, 1.114631e-17, 1.114631e-17
1.021000e+02, 1.146559e-17, 1.146559e-17
1.022000e+02, 1.220447e-17, 1.220447e-17
1.023000e+02, 1.251531e-17, 1.251531e-17
1.024000e+02, 1.340024e-17, 1.340024e-17
1.025000e+02, 1.401613e-17, 1.401613e-17
1.026000e+02, 1.594989e-17, 1.594989e-17
1.027000e+02, 2.060505e-17, 2.060505e-17
1.028000e+02, 2.000803e-17, 2.000803e-17
1.029000e+02, 1.406410e-17, 1.406410e-17
1.030000e+02, 9.215859e-18, 9.215859e-18
1.031000e+02, 6.690419e-18, 6.690419e-18
1.032000e+02, 5.328435e-18, 5.328435e-18
1.033000e+02, 4.624704e-18, 4.624704e-18
1.034000e+02, 4.786516e-18, 4.786516e-18
1.035000e+02, 5.378932e-18, 5.378932e-18
1.036000e+02, 5.921349e-18, 5.921349e-18
1.037000e+02, 7.065543e-18, 7.065543e-18
1.038000e+02, 7.529824e-18, 7.529824e-18
1.039000e+02, 6.650038e-18, 6.650038e-18
1.040000e+02, 6.004572e-18, 6.004572e-18
1.041000e+02, 6.063461e-18, 6.063461e-18
1.042000e+02, 6.756663e-18, 6.756663e-18
1.043000e+02, 6.175322e-18, 6.175322e-18
1.044000e+02, 4.157568e-18, 4.157568e-18
1.045000e+02, 2.962120e-18, 2.962120e-18
1.046000e+02, 2.683158e-18, 2.683158e-18
1.047000e+02, 2.890121e-18, 2.890121e-18
1.048000e+02, 3.623365e-18, 3.623365e-18
1.049000e+02, 5.164413e-18, 5.164413e-18
1.050000e+02, 8.337388e-18, 8.337388e-18
1.051000e+02, 1.202688e-17, 1.202688e-17
1.052000e+02, 1.561764e-17, 1.561764e-17
1.053000e+02, 1.754676e-17, 1.754676e-17
1.054000e+02, 1.641554e-17, 1.641554e-17
1.055000e+02, 1.653658e-17, 1.653658e-17
1.056000e+02, 1.856240e-17, 1.856240e-17
1.057000e+02, 1.778197e-17, 1.778197e-17
1.058000e+02, 1.454187e-17, 1.454187e-17
1.059000e+02, 9.231386e-18, 9.231386e-18
1.060000e+02, 4.088072e-18, 4.088072e-18
1.061000e+02, 1.842288e-18, 1.842288e-18
1.062000e+02, 7.435205e-19, 7.435205e-19
1.063000e+02, 2.981405e-19, 2.981405e-19
1.064000e+02, 1.594361e-19, 1.594361e-19
1.065000e+02, 1.837338e-19, 1.837338e-19
1.066000e+02, 1.068883e-18, 1.068883e-18
1.067000e+02, 2.445381e-18, 2.445381e-18
1.068000e+02, 2.141482e-18, 2.141482e-18
1.069000e+02, 8.002853e-19, 8.002853e-19
1.070000e+02, 1.996037e-19, 1.996037e-19
1.071000e+02, 1.173186e-19, 1.173186e-19
1.072000e+02, 6.943303e-19, 6.943303e-19
1.073000e+02, 2.602730e-18, 2.602730e-18
1.074000e+02, 5.293828e-18, 5.293828e-18
1.075000e+02, 7.634668e-18, 7.634668e-18
1.076000e+02, 8.073406e-18, 8.073406e-18
1.077000e+02, 7.485970e-18, 7.485970e-18
1.078000e+02, 6.173714e-18, 6.173714e-18
1.079000e+02, 4.024842e-18, 4.024842e-18
1.080000e+02, 2.161386e-18, 2.161386e-18
1.081000e+02, 1.008502e-18, 1.008502e-18
1.082000e+02, 1.241276e-18, 1.241276e-18
1.083000e+02, 2.221577e-18, 2.221577e-18
1.084000e+02, 2.832746e-18, 2.832746e-18
1.085000e+02, 2.555472e-18, 2.555472e-18
1.086000e+02, 2.366682e-18, 2.366682e-18
1.087000e+02, 2.434979e-18, 2.434979e-18
1.088000e+02, 3.094035e-18, 3.094035e-18
1.089000e+02, 7.564369e-18, 7.564369e-18
1.090000e+02, 1.043118e-17, 1.043118e-17
1.091000e+02, 7.202133e-18, 7.202133e-18
1.092000e+02, 3.204025e-18, 3.204025e-18
1.093000e+02, 1.058238e-18, 1.058238e-18
1.094000e+02, 7.632441e-19, 7.632441e-19
1.095000e+02, 1.028213e-18, 1.028213e-18
1.096000e+02, 1.308165e-18, 1.308165e-18
1.097000e+02, 2.199493e-18, 2.199493e-18
1.098000e+02, 3.608315e-18, 3.608315e-18
1.099000e+02, 3.046515e-18, 3.046515e-18
1.100000e+02, 1.442947e-18, 1.442947e-18
1.101000e+02, 9.327837e-19, 9.327837e-19
1.102000e+02, 8.518133e-19, 8.518133e-19
1.103000e+02, 1.102731e-18, 1.102731e-18
1.104000e+02, 1.087345e-18, 1.087345e-18
1.105000e+02, 9.501395e-19, 9.501395e-19
1.106000e+02, 1.145170e-18, 1.145170e-18
1.107000e+02, 1.963152e-18, 1.963152e-18
1.108000e+02, 3.155138e-18, 3.155138e-18
1.109000e+02, 3.860700e-18, 3.860700e-18
1.110000e+02, 4.819127e-18, 4.819127e-18
1.111000e+02, 8.000110e-18, 8.000110e-18
1.112000e+02, 1.232756e-17, 1.232756e-17
1.113000e+02, 1.760592e-17, 1.760592e-17
1.114000e+02, 2.448582e-17, 2.448582e-17
1.115000e+02, 2.598173e-17, 2.598173e-17
1.116000e+02, 1.918666e-17, 1.918666e-17
1.117000e+02, 1.063510e-17, 1.063510e-17
1.118000e+02, 4.853673e-18, 4.853673e-18
1.119000e+02, 2.716721e-18, 2.716721e-18
1.120000e+02, 4.554629e-18, 4.554629e-18
1.121000e+02, 8.034832e-18, 8.034832e-18
1.122000e+02, 1.215468e-17, 1.215468e-17
1.123000e+02, 1.265557e-17, 1.265557e-17
1.124000e+02, 9.857829e-18, 9.857829e-18
1.125000e+02, 8.746499e-18, 8.746499e-18
1.126000e+02, 9.614067e-18, 9.614067e-18
1.127000e+02, 1.274756e-17, 1.274756e-17
1.128000e+02, 1.697659e-17, 1.697659e-17
1.129000e+02, 1.753186e-17, 1.753186e-17
1.130000e+02, 1.087572e-17, 1.087572e-17
1.131000e+02, 4.573040e-18, 4.573040e-18
1.132000e+02, 2.762081e-18, 2.762081e-18
1.133000e+02, 2.542599e-18, 2.542599e-18
1.134000e+02, 2.146786e-18, 2.146786e-18
1.135000e+02, 1.567782e-18, 1.567782e-18
1.136000e+02, 1.080020e-18, 1.080020e-18
1.137000e+02, 7.832517e-19, 7.832517e-19
1.138000e+02, 6.529796e-19, 6.529796e-19
1.139000e+02, 5.658826e-19, 5.658826e-19
1.140000e+02, 2.358334e-18, 2.358334e-18
1.141000e+02, 1.266701e-18, 1.266701e-18
1.142000e+02, 1.681557e-18, 1.681557e-18
1.143000e+02, 2.096412e-18, 2.096412e-18
1.144000e+02, 2.511267e-18, 2.511267e-18
1.145000e+02, 2.926122e-18, 2.926122e-18
1.146000e+02, 3.340977e-18, 3.340977e-18
1.147000e+02, 3.755832e-18, 3.755832e-18
1.148000e+02, 2.508419e-18, 2.508419e-18
1.149000e+02, 4.330673e-18, 4.330673e-18
1.150000e+02, 5.102731e-18, 5.102731e-18
1.151000e+02, 5.230221e-18, 5.230221e-18
1.152000e+02, 5.248215e-18, 5.248215e-18
1.153000e+02, 5.027341e-18, 5.027341e-18
1.154000e+02, 4.512548e-18, 4.512548e-18
1.155000e+02, 4.111778e-18, 4.111778e-18
1.156000e+02, 3.934167e-18, 3.934167e-18
1.157000e+02, 3.828499e-18, 3.828499e-18
1.158000e+02, 3.364860e-18, 3.364860e-18
1.159000e+02, 2.764506e-18, 2.764506e-18
1.160000e+02, 2.364045e-18, 2.364045e-18
1.161000e+02, 2.119787e-18, 2.119787e-18
1.162000e+02, 2.063899e-18, 2.063899e-18
1.163000e+02, 2.153802e-18, 2.153802e-18
1.164000e+02, 2.421848e-18, 2.421848e-18
1.165000e+02, 2.873575e-18, 2.873575e-18
1.166000e+02, 3.458635e-18, 3.458635e-18
1.167000e+02, 4.318111e-18, 4.318111e-18
1.168000e+02, 5.222595e-18, 5.222595e-18
1.169000e+02, 6.119648e-18, 6.119648e-18
1.170000e+02, 7.248883e-18, 7.248883e-18
1.171000e+02, 8.441484e-18, 8.441484e-18
1.172000e+02, 9.337519e-18, 9.337519e-18
1.173000e+02, 9.690823e-18, 9.690823e-18
1.174000e+02, 9.865354e-18, 9.865354e-18
1.175000e+02, 9.857112e-18, 9.857112e-18
1.176000e+02, 9.141801e-18, 9.141801e-18
1.177000e+02, 7.915599e-18, 7.915599e-18
1.178000e+02, 6.644037e-18, 6.644037e-18
1.179000e+02, 5.433899e-18, 5.433899e-18
1.180000e+02, 4.181586e-18, 4.181586e-18
1.181000e+02, 3.145336e-18, 3.145336e-18
1.182000e+02, 2.737011e-18, 2.737011e-18
1.183000e+02, 2.839752e-18, 2.839752e-18
1.184000e+02, 2.956718e-18, 2.956718e-18
1.185000e+02, 3.344789e-18, 3.344789e-18
1.186000e+02, 3.694491e-18, 3.694491e-18
1.187000e+02, 3.702212e-18, 3.702212e-18
1.188000e+02, 4.038398e-18, 4.038398e-18
1.189000e+02, 4.829416e-18, 4.829416e-18
1.190000e+02, 6.071323e-18, 6.071323e-18
1.191000e+02, 8.466972e-18, 8.466972e-18
1.192000e+02, 1.118787e-17, 1.118787e-17
1.193000e+02, 1.204141e-17, 1.204141e-17
1.194000e+02, 1.314372e-17, 1.314372e-17
1.195000e+02, 1.348018e-17, 1.348018e-17
1.196000e+02, 1.198659e-17, 1.198659e-17
1.197000e+02, 1.099100e-17, 1.099100e-17
1.198000e+02, 9.895566e-18, 9.895566e-18
1.199000e+02, 8.544451e-18, 8.544451e-18
1.200000e+02, 7.205210e-18, 7.205210e-18
1.201000e+02, 6.254436e-18, 6.254436e-18
1.202000e+02, 5.679829e-18, 5.679829e-18
1.203000e+02, 5.126794e-18, 5.126794e-18
1.204000e+02, 4.564008e-18, 4.564008e-18
1.205000e+02, 4.168498e-18, 4.168498e-18
1.206000e+02, 3.999497e-18, 3.999497e-18
1.207000e+02, 4.033787e-18, 4.033787e-18
1.208000e+02, 4.255197e-18, 4.255197e-18
1.209000e+02, 4.723935e-18, 4.723935e-18
1.210000e+02, 5.480171e-18, 5.480171e-18
1.211000e+02, 6.469253e-18, 6.469253e-18
1.212000e+02, 7.662909e-18, 7.662909e-18
1.213000e+02, 9.161856e-18, 9.161856e-18
1.214000e+02, 1.101819e-17, 1.101819e-17
1.215000e+02, 1.317239e-17, 1.317239e-17
1.216000e+02, 1.545345e-17, 1.545345e-17
1.217000e+02, 1.738967e-17, 1.738967e-17
1.218000e+02, 1.851810e-17, 1.851810e-17
1.219000e+02, 2.048405e-17, 2.048405e-17
1.220000e+02, 2.345504e-17, 2.345504e-17
1.221000e+02, 2.370203e-17, 2.370203e-17
1.222000e+02, 2.160242e-17, 2.160242e-17
1.223000e+02, 1.906367e-17, 1.906367e-17
1.224000e+02, 1.547263e-17, 1.547263e-17
1.225000e+02, 1.128308e-17, 1.128308e-17
1.226000e+02, 7.478809e-18, 7.478809e-18
1.227000e+02, 4.796618e-18, 4.796618e-18
1.228000e+02, 3.287557e-18, 3.287557e-18
1.229000e+02, 2.617445e-18, 2.617445e-18
1.230000e+02, 2.467796e-18, 2.467796e-18
1.231000e+02, 2.599074e-18, 2.599074e-18
1.232000e+02, 2.886974e-18, 2.886974e-18
1.233000e+02, 3.269733e-18, 3.269733e-18
1.234000e+02, 3.622670e-18, 3.622670e-18
1.235000e+02, 3.959364e-18, 3.959364e-18
1.236000e+02, 5.196228e-18, 5.196228e-18
1.237000e+02, 1.094405e-17, 1.094405e-17
1.238000e+02, 1.831309e-17, 1.831309e-17
1.239000e+02, 1.725524e-17, 1.725524e-17
1.240000e+02, 1.941751e-17, 1.941751e-17
1.241000e+02, 1.877069e-17, 1.877069e-17
1.242000e+02, 1.032934e-17, 1.032934e-17
1.243000e+02, 7.898073e-18, 7.898073e-18
1.244000e+02, 7.184900e-18, 7.184900e-18
1.245000e+02, 6.290373e-18, 6.290373e-18
1.246000e+02, 5.879286e-18, 5.879286e-18
1.247000e+02, 6.250991e-18, 6.250991e-18
1.248000e+02, 6.201805e-18, 6.201805e-18
1.249000e+02, 6.272630e-18, 6.272630e-18
1.250000e+02, 6.407060e-18, 6.407060e-18
1.251000e+02, 6.571544e-18, 6.571544e-18
1.252000e+02, 6.768264e-18, 6.768264e-18
1.253000e+02, 6.987490e-18, 6.987490e-18
1.254000e+02, 7.197309e-18, 7.197309e-18
1.255000e+02, 7.334271e-18, 7.334271e-18
1.256000e+02, 7.510641e-18, 7.510641e-18
1.257000e+02, 7.576652e-18, 7.576652e-18
1.258000e+02, 7.566761e-18, 7.566761e-18
1.259000e+02, 7.492148e-18, 7.492148e-18
1.260000e+02, 7.452989e-18, 7.452989e-18
1.261000e+02, 7.506609e-18, 7.506609e-18
1.262000e+02, 7.599403e-18, 7.599403e-18
1.263000e+02, 7.729502e-18, 7.729502e-18
1.264000e+02, 7.883533e-18, 7.883533e-18
1.265000e+02, 8.088828e-18, 8.088828e-18
1.266000e+02, 8.315972e-18, 8.315972e-18
1.267000e+02, 8.486928e-18, 8.486928e-18
1.268000e+02, 8.656899e-18, 8.656899e-18
1.269000e+02, 8.695103e-18, 8.695103e-18
1.270000e+02, 8.620383e-18, 8.620383e-18
1.271000e+02, 8.469533e-18, 8.469533e-18
1.272000e+02, 8.274503e-18, 8.274503e-18
1.273000e+02, 8.076226e-18, 8.076226e-18
1.274000e+02, 7.961788e-18, 7.961788e-18
1.275000e+02, 7.974015e-18, 7.974015e-18
1.276000e+02, 8.097585e-18, 8.097585e-18
1.277000e+02, 8.268523e-18, 8.268523e-18
1.278000e+02, 8.463349e-18, 8.463349e-18
1.279000e+02, 8.662013e-18, 8.662013e-18
1.280000e+02, 8.833400e-18, 8.833400e-18
1.281000e+02, 8.907885e-18, 8.907885e-18
1.282000e+02, 8.915913e-18, 8.915913e-18
1.283000e+02, 8.867335e-18, 8.867335e-18
1.284000e+02, 8.726856e-18, 8.726856e-18
1.285000e+02, 8.504053e-18, 8.504053e-18
1.286000e+02, 8.255835e-18, 8.255835e-18
1.287000e+02, 8.044109e-18, 8.044109e-18
1.288000e+02, 7.908146e-18, 7.908146e-18
1.289000e+02, 7.867421e-18, 7.867421e-18
1.290000e+02, 7.926568e-18, 7.926568e-18
1.291000e+02, 8.077142e-18, 8.077142e-18
1.292000e+02, 8.257055e-18, 8.257055e-18
1.293000e+02, 8.438394e-18, 8.438394e-18
1.294000e+02, 8.599433e-18, 8.599433e-18
1.295000e+02, 8.626121e-18, 8.626121e-18
1.296000e+02, 8.534169e-18, 8.534169e-18
1.297000e+02, 8.325163e-18, 8.325163e-18
1.298000e+02, 8.057361e-18, 8.057361e-18
1.299000e+02, 7.747152e-18, 7.747152e-18
1.300000e+02, 7.489882e-18, 7.489882e-18
1.301000e+02, 7.304549e-18, 7.304549e-18
1.302000e+02, 7.200715e-18, 7.200715e-18
1.303000e+02, 7.220190e-18, 7.220190e-18
1.304000e+02, 7.322773e-18, 7.322773e-18
1.305000e+02, 7.537900e-18, 7.537900e-18
1.306000e+02, 7.818009e-18, 7.818009e-18
1.307000e+02, 8.089677e-18, 8.089677e-18
1.308000e+02, 8.179810e-18, 8.179810e-18
1.309000e+02, 7.952811e-18, 7.952811e-18
1.310000e+02, 7.493203e-18, 7.493203e-18
1.311000e+02, 7.008000e-18, 7.008000e-18
1.312000e+02, 6.546758e-18, 6.546758e-18
1.313000e+02, 6.211156e-18, 6.211156e-18
1.314000e+02, 6.001540e-18, 6.001540e-18
1.315000e+02, 5.930053e-18, 5.930053e-18
1.316000e+02, 6.038981e-18, 6.038981e-18
1.317000e+02, 6.355251e-18, 6.355251e-18
1.318000e+02, 6.757445e-18, 6.757445e-18
1.319000e+02, 7.081215e-18, 7.081215e-18
1.320000e+02, 7.202348e-18, 7.202348e-18
1.321000e+02, 7.113267e-18, 7.113267e-18
1.322000e+02, 6.946836e-18, 6.946836e-18
1.323000e+02, 6.679855e-18, 6.679855e-18
1.324000e+02, 6.239048e-18, 6.239048e-18
1.325000e+02, 5.759071e-18, 5.759071e-18
1.326000e+02, 5.280539e-18, 5.280539e-18
1.327000e+02, 4.907457e-18, 4.907457e-18
1.328000e+02, 4.734941e-18, 4.734941e-18
1.329000e+02, 4.733756e-18, 4.733756e-18
1.330000e+02, 4.915624e-18, 4.915624e-18
1.331000e+02, 5.216699e-18, 5.216699e-18
1.332000e+02, 5.473045e-18, 5.473045e-18
1.333000e+02, 5.636281e-18, 5.636281e-18
1.334000e+02, 5.646580e-18, 5.646580e-18
1.335000e+02, 5.541257e-18, 5.541257e-18
1.336000e+02, 5.331653e-18, 5.331653e-18
1.337000e+02, 5.121442e-18, 5.121442e-18
1.338000e+02, 4.858945e-18, 4.858945e-18
1.339000e+02, 4.571227e-18, 4.571227e-18
1.340000e+02, 4.492623e-18, 4.492623e-18
1.341000e+02, 4.358035e-18, 4.358035e-18
1.342000e+02, 4.163002e-18, 4.163002e-18
1.343000e+02, 3.971199e-18, 3.971199e-18
1.344000e+02, 3.841939e-18, 3.841939e-18
1.345000e+02, 3.855817e-18, 3.855817e-18
1.346000e+02, 3.930151e-18, 3.930151e-18
1.347000e+02, 3.974295e-18, 3.974295e-18
1.348000e+02, 3.985826e-18, 3.985826e-18
1.349000e+02, 3.964727e-18, 3.964727e-18
1.350000e+02, 3.844951e-18, 3.844951e-18
1.351000e+02, 3.696342e-18, 3.696342e-18
1.352000e+02, 3.561554e-18, 3.561554e-18
1.353000e+02, 3.458602e-18, 3.458602e-18
1.354000e+02, 3.393457e-18, 3.393457e-18
1.355000e+02, 3.289206e-18, 3.289206e-18
1.356000e+02, 3.107923e-18, 3.107923e-18
1.357000e+02, 2.928994e-18, 2.928994e-18
1.358000e+02, 2.761939e-18, 2.761939e-18
1.359000e+02, 2.618403e-18, 2.618403e-18
1.360000e+02, 2.517891e-18, 2.517891e-18
1.361000e+02, 2.474065e-18, 2.474065e-18
1.362000e+02, 2.505301e-18, 2.505301e-18
1.363000e+02, 2.599419e-18, 2.599419e-18
1.364000e+02, 2.694101e-18, 2.694101e-18
1.365000e+02, 2.723700e-18, 2.723700e-18
1.366000e+02, 2.667686e-18, 2.667686e-18
1.367000e+02, 2.540276e-18, 2.540276e-18
1.368000e+02, 2.387632e-18, 2.387632e-18
1.369000e+02, 2.214831e-18, 2.214831e-18
1.370000e+02, 2.062222e-18, 2.062222e-18
1.371000e+02, 1.950637e-18, 1.950637e-18
1.372000e+02, 1.893526e-18, 1.893526e-18
1.373000e+02, 1.893618e-18, 1.893618e-18
1.374000e+02, 1.915485e-18, 1.915485e-18
1.375000e+02, 1.953077e-18, 1.953077e-18
1.376000e+02, 2.009470e-18, 2.009470e-18
1.377000e+02, 2.041555e-18, 2.041555e-18
1.378000e+02, 2.024880e-18, 2.024880e-18
1.379000e+02, 1.943055e-18, 1.943055e-18
1.380000e+02, 1.827143e-18, 1.827143e-18
1.381000e+02, 1.701195e-18, 1.701195e-18
1.382000e+02, 1.577283e-18, 1.577283e-18
1.383000e+02, 1.467629e-18, 1.467629e-18
1.384000e+02, 1.369666e-18, 1.369666e-18
1.385000e+02, 1.281264e-18, 1.281264e-18
1.386000e+02, 1.217265e-18, 1.217265e-18
1.387000e+02, 1.194618e-18, 1.194618e-18
1.388000e+02, 1.197262e-18, 1.197262e-18
1.389000e+02, 1.220597e-18, 1.220597e-18
1.390000e+02, 1.258011e-18, 1.258011e-18
1.391000e+02, 1.308692e-18, 1.308692e-18
1.392000e+02, 1.345476e-18, 1.345476e-18
1.393000e+02, 1.358032e-18, 1.358032e-18
1.394000e+02, 1.338868e-18, 1.338868e-18
1.395000e+02, 1.308638e-18, 1.308638e-18
1.396000e+02, 1.263892e-18, 1.263892e-18
1.397000e+02, 1.213823e-18, 1.213823e-18
1.398000e+02, 1.147267e-18, 1.147267e-18
1.399000e+02, 1.059014e-18, 1.059014e-18
1.400000e+02, 9.609292e-19, 9.609292e-19
1.401000e+02, 8.766124e-19, 8.766124e-19
1.402000e+02, 8.117757e-19, 8.117757e-19
1.403000e+02, 7.736239e-19, 7.736239e-19
1.404000e+02, 7.506287e-19, 7.506287e-19
1.405000e+02, 7.402469e-19, 7.402469e-19
1.406000e+02, 7.412236e-19, 7.412236e-19
1.407000e+02, 7.591422e-19, 7.591422e-19
1.408000e+02, 7.917930e-19, 7.917930e-19
1.409000e+02, 8.270972e-19, 8.270972e-19
1.410000e+02, 8.528353e-19, 8.528353e-19
1.411000e+02, 8.548952e-19, 8.548952e-19
1.412000e+02, 8.409406e-19, 8.409406e-19
1.413000e+02, 8.195037e-19, 8.195037e-19
1.414000e+02, 7.965163e-19, 7.965163e-19
1.415000e+02, 7.652623e-19, 7.652623e-19
1.416000e+02, 7.329761e-19, 7.329761e-19
1.417000e+02, 7.083597e-19, 7.083597e-19
1.418000e+02, 6.930457e-19, 6.930457e-19
1.419000e+02, 6.751225e-19, 6.751225e-19
1.420000e+02, 6.623501e-19, 6.623501e-19
1.421000e+02, 6.428559e-19, 6.428559e-19
1.422000e+02, 6.208085e-19, 6.208085e-19
1.423000e+02, 5.961670e-19, 5.961670e-19
1.424000e+02, 5.791870e-19, 5.791870e-19
1.425000e+02, 5.705642e-19, 5.705642e-19
1.426000e+02, 5.675046e-19, 5.675046e-19
1.427000e+02, 5.711690e-19, 5.711690e-19
1.428000e+02, 5.763567e-19, 5.763567e-19
1.429000e+02, 5.846874e-19, 5.846874e-19
1.430000e+02, 5.937391e-19, 5.937391e-19
1.431000e+02, 6.007268e-19, 6.007268e-19
1.432000e+02, 6.046898e-19, 6.046898e-19
1.433000e+02, 6.026146e-19, 6.026146e-19
1.434000e+02, 5.931263e-19, 5.931263e-19
1.435000e+02, 5.837360e-19, 5.837360e-19
1.436000e+02, 5.690030e-19, 5.690030e-19
1.437000e+02, 5.653798e-19, 5.653798e-19
1.438000e+02, 5.663183e-19, 5.663183e-19
1.439000e+02, 5.709062e-19, 5.709062e-19
1.440000e+02, 5.763638e-19, 5.763638e-19
1.441000e+02, 5.827886e-19, 5.827886e-19
1.442000e+02, 5.878427e-19, 5.878427e-19
1.443000e+02, 5.870154e-19, 5.870154e-19
1.444000e+02, 5.850473e-19, 5.850473e-19
1.445000e+02, 5.832239e-19, 5.832239e-19
1.446000e+02, 5.824556e-19, 5.824556e-19
1.447000e+02, 5.798516e-19, 5.798516e-19
1.448000e+02, 5.807834e-19, 5.807834e-19
1.449000e+02, 5.824139e-19, 5.824139e-19
1.450000e+02, 5.862091e-19, 5.862091e-19
1.451000e+02, 5.927892e-19, 5.927892e-19
1.452000e+02, 6.027503e-19, 6.027503e-19
1.453000e+02, 6.116885e-19, 6.116885e-19
1.454000e+02, 6.206216e-19, 6.206216e-19
1.455000e+02, 6.288400e-19, 6.288400e-19
1.456000e+02, 6.311601e-19, 6.311601e-19
1.457000e+02, 6.390989e-19, 6.390989e-19
1.458000e+02, 6.463660e-19, 6.463660e-19
1.459000e+02, 6.528394e-19, 6.528394e-19
1.460000e+02, 6.610934e-19, 6.610934e-19
1.461000e+02, 6.717167e-19, 6.717167e-19
1.462000e+02, 6.825690e-19, 6.825690e-19
1.463000e+02, 6.982294e-19, 6.982294e-19
1.464000e+02, 7.129961e-19, 7.129961e-19
1.465000e+02, 7.256337e-19, 7.256337e-19
1.466000e+02, 7.357099e-19, 7.357099e-19
1.467000e+02, 7.449751e-19, 7.449751e-19
1.468000e+02, 7.522548e-19, 7.522548e-19
1.469000e+02, 7.607864e-19, 7.607864e-19
1.470000e+02, 7.669235e-19, 7.669235e-19
1.471000e+02, 7.776713e-19, 7.776713e-19
1.472000e+02, 7.865594e-19, 7.865594e-19
1.473000e+02, 7.972545e-19, 7.972545e-19
1.474000e+02, 8.112845e-19, 8.112845e-19
1.475000e+02, 8.247903e-19, 8.247903e-19
1.476000e+02, 8.361901e-19, 8.361901e-19
1.477000e+02, 8.527953e-19, 8.527953e-19
1.478000e+02, 8.636012e-19, 8.636012e-19
1.479000e+02, 8.780634e-19, 8.780634e-19
1.480000e+02, 8.938099e-19, 8.938099e-19
1.481000e+02, 9.100222e-19, 9.100222e-19
1.482000e+02, 9.245676e-19, 9.245676e-19
1.483000e+02, 9.396833e-19, 9.396833e-19
1.484000e+02, 9.566000e-19, 9.566000e-19
1.485000e+02, 9.725475e-19, 9.725475e-19
1.486000e+02, 9.871263e-19, 9.871263e-19
1.487000e+02, 1.007040e-18, 1.007040e-18
1.488000e+02, 1.025732e-18, 1.025732e-18
1.489000e+02, 1.043170e-18, 1.043170e-18
1.490000e+02, 1.060856e-18, 1.060856e-18
1.491000e+02, 1.078913e-18, 1.078913e-18
1.492000e+02, 1.095726e-18, 1.095726e-18
1.493000e+02, 1.113633e-18, 1.113633e-18
1.494000e+02, 1.131665e-18, 1.131665e-18
1.495000e+02, 1.149248e-18, 1.149248e-18
1.496000e+02, 1.166694e-18, 1.166694e-18
1.497000e+02, 1.184037e-18, 1.184037e-18
1.498000e+02, 1.202015e-18, 1.202015e-18
1.499000e+02, 1.222939e-18, 1.222939e-18
1.500000e+02, 1.241185e-18, 1.241185e-18
1.501000e+02, 1.261125e-18, 1.261125e-18
1.502000e+02, 1.280891e-18, 1.280891e-18
1.503000e+02, 1.301183e-18, 1.301183e-18
1.504000e+02, 1.322476e-18, 1.322476e-18
1.505000e+02, 1.344730e-18, 1.344730e-18
1.506000e+02, 1.363992e-18, 1.363992e-18
1.507000e+02, 1.387043e-18, 1.387043e-18
1.508000e+02, 1.409947e-18, 1.409947e-18
1.509000e+02, 1.432145e-18, 1.432145e-18
1.510000e+02, 1.454315e-18, 1.454315e-18
1.511000e+02, 1.477041e-18, 1.477041e-18
1.512000e+02, 1.502105e-18, 1.502105e-18
1.513000e+02, 1.522909e-18, 1.522909e-18
1.514000e+02, 1.548610e-18, 1.548610e-18
1.515000e+02, 1.572145e-18, 1.572145e-18
1.516000e+02, 1.597417e-18, 1.597417e-18
1.517000e+02, 1.619438e-18, 1.619438e-18
1.518000e+02, 1.645822e-18, 1.645822e-18
1.519000e+02, 1.670231e-18, 1.670231e-18
1.520000e+02, 1.694624e-18, 1.694624e-18
1.521000e+02, 1.720225e-18, 1.720225e-18
1.522000e+02, 1.745393e-18, 1.745393e-18
1.523000e+02, 1.770972e-18, 1.770972e-18
1.524000e+02, 1.795208e-18, 1.795208e-18
1.525000e+02, 1.821510e-18, 1.821510e-18
1.526000e+02, 1.848056e-18, 1.848056e-18
1.527000e+02, 1.874121e-18, 1.874121e-18
1.528000e+02, 1.898964e-18, 1.898964e-18
1.529000e+02, 1.924775e-18, 1.924775e-18
1.530000e+02, 1.951038e-18, 1.951038e-18
1.531000e+02, 1.978460e-18, 1.978460e-18
1.532000e+02, 2.006846e-18, 2.006846e-18
1.533000e+02, 2.033423e-18, 2.033423e-18
1.534000e+02, 2.062333e-18, 2.062333e-18
1.535000e+02, 2.090193e-18, 2.090193e-18
1.536000e+02, 2.119297e-18, 2.119297e-18
1.537000e+02, 2.148515e-18, 2.148515e-18
1.538000e+02, 2.177923e-18, 2.177923e-18
1.539000e+02, 2.204123e-18, 2.204123e-18
1.540000e+02, 2.234226e-18, 2.234226e-18
1.541000e+02, 2.265529e-18, 2.265529e-18
1.542000e+02, 2.294091e-18, 2.294091e-18
1.543000e+02, 2.324414e-18, 2.324414e-18
1.544000e+02, 2.354049e-18, 2.354049e-18
1.545000e+02, 2.384844e-18, 2.384844e-18
1.546000e+02, 2.414445e-18, 2.414445e-18
1.547000e+02, 2.446728e-18, 2.446728e-18
1.548000e+02, 2.477720e-18, 2.477720e-18
1.549000e+02, 2.509537e-18, 2.509537e-18
1.550000e+02, 2.541390e-18, 2.541390e-18
1.551000e+02, 2.573675e-18, 2.573675e-18
1.552000e+02, 2.604762e-18, 2.604762e-18
1.553000e+02, 2.636116e-18, 2.636116e-18
1.554000e+02, 2.666833e-18, 2.666833e-18
1.555000e+02, 2.701624e-18, 2.701624e-18
1.556000e+02, 2.735166e-18, 2.735166e-18
1.557000e+02, 2.767872e-18, 2.767872e-18
1.558000e+02, 2.799051e-18, 2.799051e-18
1.559000e+02, 2.833172e-18, 2.833172e-18
1.560000e+02, 2.867809e-18, 2.867809e-18
1.561000e+02, 2.900738e-18, 2.900738e-18
1.562000e+02, 2.932945e-18, 2.932945e-18
1.563000e+02, 2.966710e-18, 2.966710e-18
1.564000e+02, 3.001437e-18, 3.001437e-18
1.565000e+02, 3.033507e-18, 3.033507e-18
1.566000e+02, 3.065486e-18, 3.065486e-18
1.567000e+02, 3.098939e-18, 3.098939e-18
1.568000e+02, 3.133518e-18, 3.133518e-18
1.569000e+02, 3.164985e-18, 3.164985e-18
1.570000e+02, 3.198516e-18, 3.198516e-18
1.571000e+02, 3.229713e-18, 3.229713e-18
1.572000e+02, 3.262860e-18, 3.262860e-18
1.573000e+02, 3.296910e-18, 3.296910e-18
1.574000e+02, 3.329413e-18, 3.329413e-18
1.575000e+02, 3.362063e-18, 3.362063e-18
1.576000e+02, 3.396965e-18, 3.396965e-18
1.577000e+02, 3.429653e-18, 3.429653e-18
1.578000e+02, 3.464632e-18, 3.464632e-18
1.579000e+02, 3.496372e-18, 3.496372e-18
1.580000e+02, 3.530641e-18, 3.530641e-18
1.581000e+02, 3.565347e-18, 3.565347e-18
1.582000e+02, 3.598806e-18, 3.598806e-18
1.583000e+02, 3.633220e-18, 3.633220e-18
1.584000e+02, 3.666163e-18, 3.666163e-18
1.585000e+02, 3.701677e-18, 3.701677e-18
1.586000e+02, 3.738037e-18, 3.738037e-18
1.587000e+02, 3.772231e-18, 3.772231e-18
1.588000e+02, 3.807106e-18, 3.807106e-18
1.589000e+02, 3.840670e-18, 3.840670e-18
1.590000e+02, 3.875520e-18, 3.875520e-18
1.591000e+02, 3.911178e-18, 3.911178e-18
1.592000e+02, 3.947636e-18, 3.947636e-18
1.593000e+02, 3.983392e-18, 3.983392e-18
1.594000e+02, 4.017145e-18, 4.017145e-18
1.595000e+02, 4.053253e-18, 4.053253e-18
1.596000e+02, 4.088442e-18, 4.088442e-18
1.597000e+02, 4.122813e-18, 4.122813e-18
1.598000e+02, 4.159023e-18, 4.159023e-18
1.599000e+02, 4.193278e-18, 4.193278e-18
1.600000e+02, 4.227766e-18, 4.227766e-18
1.601000e+02, 4.262221e-18, 4.262221e-18
1.602000e+02, 4.296711e-18, 4.296711e-18
1.603000e+02, 4.329382e-18, 4.329382e-18
1.604000e+02, 4.362255e-18, 4.362255e-18
1.605000e+02, 4.396582e-18, 4.396582e-18
1.606000e+02, 4.427061e-18, 4.427061e-18
1.607000e+02, 4.459428e-18, 4.459428e-18
1.608000e+02, 4.491071e-18, 4.491071e-18
1.609000e+02, 4.523188e-18, 4.523188e-18
1.610000e+02, 4.553628e-18, 4.553628e-18
1.611000e+02, 4.582306e-18, 4.582306e-18
1.612000e+02, 4.612810e-18, 4.612810e-18
1.613000e+02, 4.642021e-18, 4.642021e-18
1.614000e+02, 4.672142e-18, 4.672142e-18
1.615000e+02, 4.699148e-18, 4.699148e-18
1.616000e+02, 4.726442e-18, 4.726442e-18
1.617000e+02, 4.754440e-18, 4.754440e-18
1.618000e+02, 4.782138e-18, 4.782138e-18
1.619000e+02, 4.810198e-18, 4.810198e-18
1.620000e+02, 4.836226e-18, 4.836226e-18
1.621000e+02, 4.861605e-18, 4.861605e-18
1.622000e+02, 4.887440e-18, 4.887440e-18
1.623000e+02, 4.913733e-18, 4.913733e-18
1.624000e+02, 4.937789e-18, 4.937789e-18
1.625000e+02, 4.965444e-18, 4.965444e-18
1.626000e+02, 4.990206e-18, 4.990206e-18
1.627000e+02, 5.014290e-18, 5.014290e-18
1.628000e+02, 5.038977e-18, 5.038977e-18
1.629000e+02, 5.063479e-18, 5.063479e-18
1.630000e+02, 5.088155e-18, 5.088155e-18
1.631000e+02, 5.114265e-18, 5.114265e-18
1.632000e+02, 5.136976e-18, 5.136976e-18
1.633000e+02, 5.163191e-18, 5.163191e-18
1.634000e+02, 5.189749e-18, 5.189749e-18
1.635000e+02, 5.215361e-18, 5.215361e-18
1.636000e+02, 5.239137e-18, 5.239137e-18
1.637000e+02, 5.263337e-18, 5.263337e-18
1.638000e+02, 5.286793e-18, 5.286793e-18
1.639000e+02, 5.307439e-18, 5.307439e-18
1.640000e+02, 5.330885e-18, 5.330885e-18
1.641000e+02, 5.353884e-18, 5.353884e-18
1.642000e+02, 5.376786e-18, 5.376786e-18
1.643000e+02, 5.396695e-18, 5.396695e-18
1.644000e+02, 5.419294e-18, 5.419294e-18
1.645000e+02, 5.440707e-18, 5.440707e-18
1.646000e+02, 5.462441e-18, 5.462441e-18
1.647000e+02, 5.481181e-18, 5.481181e-18
1.648000e+02, 5.500048e-18, 5.500048e-18
1.649000e+02, 5.519143e-18, 5.519143e-18
1.650000e+02, 5.537058e-18, 5.537058e-18
1.651000e+02, 5.552546e-18, 5.552546e-18
1.652000e+02, 5.567310e-18, 5.567310e-18
1.653000e+02, 5.581905e-18, 5.581905e-18
1.654000e+02, 5.595561e-18, 5.595561e-18
1.655000e+02, 5.607603e-18, 5.607603e-18
1.656000e+02, 5.620382e-18, 5.620382e-18
1.657000e+02, 5.628805e-18, 5.628805e-18
1.658000e+02, 5.635246e-18, 5.635246e-18
1.659000e+02, 5.643618e-18, 5.643618e-18
1.660000e+02, 5.648483e-18, 5.648483e-18
1.661000e+02, 5.652903e-18, 5.652903e-18
1.662000e+02, 5.657133e-18, 5.657133e-18
1.663000e+02, 5.659601e-18, 5.659601e-18
1.664000e+02, 5.662348e-18, 5.662348e-18
1.665000e+02, 5.662467e-18, 5.662467e-18
1.666000e+02, 5.661731e-18, 5.661731e-18
1.667000e+02, 5.659804e-18, 5.659804e-18
1.668000e+02, 5.660731e-18, 5.660731e-18
1.669000e+02, 5.656524e-18, 5.656524e-18
1.670000e+02, 5.653195e-18, 5.653195e-18
1.671000e+02, 5.648039e-18, 5.648039e-18
1.672000e+02, 5.642608e-18, 5.642608e-18
1.673000e+02, 5.638334e-18, 5.638334e-18
1.674000e+02, 5.633507e-18, 5.633507e-18
1.675000e+02, 5.628589e-18, 5.628589e-18
1.676000e+02, 5.622231e-18, 5.622231e-18
1.677000e+02, 5.617661e-18, 5.617661e-18
1.678000e+02, 5.610900e-18, 5.610900e-18
1.679000e+02, 5.606090e-18, 5.606090e-18
1.680000e+02, 5.600587e-18, 5.600587e-18
1.681000e+02, 5.596475e-18, 5.596475e-18
1.682000e+02, 5.590354e-18, 5.590354e-18
1.683000e+02, 5.585722e-18, 5.585722e-18
1.684000e+02, 5.579870e-18, 5.579870e-18
1.685000e+02, 5.575201e-18, 5.575201e-18
1.686000e+02, 5.570001e-18, 5.570001e-18
1.687000e+02, 5.566478e-18, 5.566478e-18
1.688000e+02, 5.561581e-18, 5.561581e-18
1.689000e+02, 5.558066e-18, 5.558066e-18
1.690000e+02, 5.551787e-18, 5.551787e-18
1.691000e+02, 5.546745e-18, 5.546745e-18
1.692000e+02, 5.540748e-18, 5.540748e-18
1.693000e+02, 5.535523e-18, 5.535523e-18
1.694000e+02, 5.529222e-18, 5.529222e-18
1.695000e+02, 5.521743e-18, 5.521743e-18
1.696000e+02, 5.512812e-18, 5.512812e-18
1.697000e+02, 5.506568e-18, 5.506568e-18
1.698000e+02, 5.497693e-18, 5.497693e-18
1.699000e+02, 5.485199e-18, 5.485199e-18
1.700000e+02, 5.473315e-18, 5.473315e-18
1.701000e+02, 5.462033e-18, 5.462033e-18
1.702000e+02, 5.448854e-18, 5.448854e-18
1.703000e+02, 5.432211e-18, 5.432211e-18
1.704000e+02, 5.414927e-18, 5.414927e-18
1.705000e+02, 5.395947e-18, 5.395947e-18
1.706000e+02, 5.375493e-18, 5.375493e-18
1.707000e+02, 5.353690e-18, 5.353690e-18
1.708000e+02, 5.329558e-18, 5.329558e-18
1.709000e+02, 5.304308e-18, 5.304308e-18
1.710000e+02, 5.278216e-18, 5.278216e-18
1.711000e+02, 5.247967e-18, 5.247967e-18
1.712000e+02, 5.217991e-18, 5.217991e-18
1.713000e+02, 5.183908e-18, 5.183908e-18
1.714000e+02, 5.148138e-18, 5.148138e-18
1.715000e+02, 5.113156e-18, 5.113156e-18
1.716000e+02, 5.073564e-18, 5.073564e-18
1.717000e+02, 5.033259e-18, 5.033259e-18
1.718000e+02, 4.991113e-18, 4.991113e-18
1.719000e+02, 4.947562e-18, 4.947562e-18
1.720000e+02, 4.903649e-18, 4.903649e-18
1.721000e+02, 4.857796e-18, 4.857796e-18
1.722000e+02, 4.810764e-18, 4.810764e-18
1.723000e+02, 4.763947e-18, 4.763947e-18
1.724000e+02, 4.714417e-18, 4.714417e-18
1.725000e+02, 4.665001e-18, 4.665001e-18
1.726000e+02, 4.616509e-18, 4.616509e-18
1.727000e+02, 4.566451e-18, 4.566451e-18
1.728000e+02, 4.519608e-18, 4.519608e-18
1.729000e+02, 4.469260e-18, 4.469260e-18
1.730000e+02, 4.420899e-18, 4.420899e-18
1.731000e+02, 4.375039e-18, 4.375039e-18
1.732000e+02, 4.327417e-18, 4.327417e-18
1.733000e+02, 4.282303e-18, 4.282303e-18
1.734000e+02, 4.237087e-18, 4.237087e-18
1.735000e+02, 4.191867e-18, 4.191867e-18
1.736000e+02, 4.144817e-18, 4.144817e-18
1.737000e+02, 4.100985e-18, 4.100985e-18
1.738000e+02, 4.056225e-18, 4.056225e-18
1.739000e+02, 4.014101e-18, 4.014101e-18
1.740000e+02, 3.970013e-18, 3.970013e-18
1.741000e+02, 3.926988e-18, 3.926988e-18
1.742000e+02, 3.885486e-18, 3.885486e-18
1.743000e+02, 3.846952e-18, 3.846952e-18
1.744000e+02, 3.808434e-18, 3.808434e-18
1.745000e+02, 3.770397e-18, 3.770397e-18
1.746000e+02, 3.733517e-18, 3.733517e-18
1.747000e+02, 3.697993e-18, 3.697993e-18
1.748000e+02, 3.660571e-18, 3.660571e-18
1.749000e+02, 3.624252e-18, 3.624252e-18
1.750000e+02, 3.589776e-18, 3.589776e-18
1.751000e+02, 3.553672e-18, 3.553672e-18
1.752000e+02, 3.519407e-18, 3.519407e-18
1.753000e+02, 3.483968e-18, 3.483968e-18
1.754000e+02, 3.448971e-18, 3.448971e-18
1.755000e+02, 3.414979e-18, 3.414979e-18
1.756000e+02, 3.378298e-18, 3.378298e-18
1.757000e+02, 3.339567e-18, 3.339567e-18
1.758000e+02, 3.302933e-18, 3.302933e-18
1.759000e+02, 3.265021e-18, 3.265021e-18
1.760000e+02, 3.225416e-18, 3.225416e-18
1.761000e+02, 3.186771e-18, 3.186771e-18
1.762000e+02, 3.145598e-18, 3.145598e-18
1.763000e+02, 3.105680e-18, 3.105680e-18
1.764000e+02, 3.062999e-18, 3.062999e-18
1.765000e+02, 3.020056e-18, 3.020056e-18
1.766000e+02, 2.973078e-18, 2.973078e-18
1.767000e+02, 2.925625e-18, 2.925625e-18
1.768000e+02, 2.876986e-18, 2.876986e-18
1.769000e+02, 2.828352e-18, 2.828352e-18
1.770000e+02, 2.777102e-18, 2.777102e-18
1.771000e+02, 2.725124e-18, 2.725124e-18
1.772000e+02, 2.671460e-18, 2.671460e-18
1.773000e+02, 2.615058e-18, 2.615058e-18
1.774000e+02, 2.557774e-18, 2.557774e-18
1.775000e+02, 2.500084e-18, 2.500084e-18
1.776000e+02, 2.439831e-18, 2.439831e-18
1.777000e+02, 2.381998e-18, 2.381998e-18
1.778000e+02, 2.319028e-18, 2.319028e-18
1.779000e+02, 2.256849e-18, 2.256849e-18
1.780000e+02, 2.194431e-18, 2.194431e-18
1.781000e+02, 2.129813e-18, 2.129813e-18
1.782000e+02, 2.066644e-18, 2.066644e-18
1.783000e+02, 2.002877e-18, 2.002877e-18
1.784000e+02, 1.938850e-18, 1.938850e-18
1.785000e+02, 1.875804e-18, 1.875804e-18
1.786000e+02, 1.810526e-18, 1.810526e-18
1.787000e+02, 1.746526e-18, 1.746526e-18
1.788000e+02, 1.686195e-18, 1.686195e-18
1.789000e+02, 1.623985e-18, 1.623985e-18
1.790000e+02, 1.561324e-18, 1.561324e-18
1.791000e+02, 1.500501e-18, 1.500501e-18
1.792000e+02, 1.441423e-18, 1.441423e-18
1.793000e+02, 1.383231e-18, 1.383231e-18
1.794000e+02, 1.326424e-18, 1.326424e-18
1.795000e+02, 1.269464e-18, 1.269464e-18
1.796000e+02, 1.214449e-18, 1.214449e-18
1.797000e+02, 1.161275e-18, 1.161275e-18
1.798000e+02, 1.108341e-18, 1.108341e-18
1.799000e+02, 1.057158e-18, 1.057158e-18
1.800000e+02, 1.009294e-18, 1.009294e-18
1.801000e+02, 9.630022e-19, 9.630022e-19
1.802000e+02, 9.179498e-19, 9.179498e-19
1.803000e+02, 8.759040e-19, 8.759040e-19
1.804000e+02, 8.342424e-19, 8.342424e-19
1.805000e+02, 7.932245e-19, 7.932245e-19
1.806000e+02, 7.526939e-19, 7.526939e-19
1.807000e+02, 7.171015e-19, 7.171015e-19
1.808000e+02, 6.822753e-19, 6.822753e-19
1.809000e+02, 6.486447e-19, 6.486447e-19
1.810000e+02, 6.163418e-19, 6.163418e-19
1.811000e+02, 5.845052e-19, 5.845052e-19
1.812000e+02, 5.558846e-19, 5.558846e-19
1.813000e+02, 5.260169e-19, 5.260169e-19
1.814000e+02, 4.996497e-19, 4.996497e-19
1.815000e+02, 4.748705e-19, 4.748705e-19
1.816000e+02, 4.515333e-19, 4.515333e-19
1.817000e+02, 4.277418e-19, 4.277418e-19
1.818000e+02, 4.061524e-19, 4.061524e-19
1.819000e+02, 3.842581e-19, 3.842581e-19
1.820000e+02, 3.626806e-19, 3.626806e-19
1.821000e+02, 3.458008e-19, 3.458008e-19
1.822000e+02, 3.279902e-19, 3.279902e-19
1.823000e+02, 3.121809e-19, 3.121809e-19
1.824000e+02, 2.950349e-19, 2.950349e-19
1.825000e+02, 2.800480e-19, 2.800480e-19
1.826000e+02, 2.651776e-19, 2.651776e-19
1.827000e+02, 2.516111e-19, 2.516111e-19
1.828000e+02, 2.381439e-19, 2.381439e-19
1.829000e+02, 2.273312e-19, 2.273312e-19
1.830000e+02, 2.147508e-19, 2.147508e-19
1.831000e+02, 2.033257e-19, 2.033257e-19
1.832000e+02, 1.933811e-19, 1.933811e-19
1.833000e+02, 1.837961e-19, 1.837961e-19
1.834000e+02, 1.732319e-19, 1.732319e-19
1.835000e+02, 1.655423e-19, 1.655423e-19
1.836000e+02, 1.580698e-19, 1.580698e-19
1.837000e+02, 1.505784e-19, 1.505784e-19
1.838000e+02, 1.428447e-19, 1.428447e-19
1.839000e+02, 1.362566e-19, 1.362566e-19
1.840000e+02, 1.294596e-19, 1.294596e-19
1.841000e+02, 1.224110e-19, 1.224110e-19
1.842000e+02, 1.168953e-19, 1.168953e-19
1.843000e+02, 1.107817e-19, 1.107817e-19
1.844000e+02, 1.050093e-19, 1.050093e-19
1.845000e+02, 9.962754e-20, 9.962754e-20
1.846000e+02, 9.546041e-20, 9.546041e-20
1.847000e+02, 9.069463e-20, 9.069463e-20
1.848000e+02, 8.659792e-20, 8.659792e-20
1.849000e+02, 8.255279e-20, 8.255279e-20
1.850000e+02, 7.852322e-20, 7.852322e-20
1.851000e+02, 7.441842e-20, 7.441842e-20
1.852000e+02, 7.092073e-20, 7.092073e-20
1.853000e+02, 6.778011e-20, 6.778011e-20
1.854000e+02, 6.414005e-20, 6.414005e-20
1.855000e+02, 6.113030e-20, 6.113030e-20
1.856000e+02, 5.809696e-20, 5.809696e-20
1.857000e+02, 5.520567e-20, 5.520567e-20
1.858000e+02, 5.257545e-20, 5.257545e-20
1.859000e+02, 5.022202e-20, 5.022202e-20
1.860000e+02, 4.838047e-20, 4.838047e-20
1.861000e+02, 4.640891e-20, 4.640891e-20
1.862000e+02, 4.401943e-20, 4.401943e-20
1.863000e+02, 4.219789e-20, 4.219789e-20
1.864000e+02, 3.989759e-20, 3.989759e-20
1.865000e+02, 3.807310e-20, 3.807310e-20
1.866000e+02, 3.679629e-20, 3.679629e-20
1.867000e+02, 3.541496e-20, 3.541496e-20
1.868000e+02, 3.346229e-20, 3.346229e-20
1.869000e+02, 3.241537e-20, 3.241537e-20
1.870000e+02, 3.061367e-20, 3.061367e-20
1.871000e+02, 2.922792e-20, 2.922792e-20
1.872000e+02, 2.812616e-20, 2.812616e-20
1.873000e+02, 2.667359e-20, 2.667359e-20
1.874000e+02, 2.557677e-20, 2.557677e-20
1.875000e+02, 2.468774e-20, 2.468774e-20
1.876000e+02, 2.355320e-20, 2.355320e-20
1.877000e+02, 2.284226e-20, 2.284226e-20
1.878000e+02, 2.165255e-20, 2.165255e-20
1.879000e+02, 2.067057e-20, 2.067057e-20
1.880000e+02, 1.979527e-20, 1.979527e-20
1.881000e+02, 1.889752e-20, 1.889752e-20
1.882000e+02, 1.793607e-20, 1.793607e-20
1.883000e+02, 1.686619e-20, 1.686619e-20
1.884000e+02, 1.587793e-20, 1.587793e-20
1.885000e+02, 1.521450e-20, 1.521450e-20
1.886000e+02, 1.489977e-20, 1.489977e-20
1.887000e+02, 1.430125e-20, 1.430125e-20
1.888000e+02, 1.363526e-20, 1.363526e-20
1.889000e+02, 1.324372e-20, 1.324372e-20
1.890000e+02, 1.249701e-20, 1.249701e-20
1.891000e+02, 1.234590e-20, 1.234590e-20
1.892000e+02, 1.139445e-20, 1.139445e-20
1.893000e+02, 1.100247e-20, 1.100247e-20
1.894000e+02, 9.897266e-21, 9.897266e-21
1.895000e+02, 1.003127e-20, 1.003127e-20
1.896000e+02, 9.845508e-21, 9.845508e-21
1.897000e+02, 9.780616e-21, 9.780616e-21
1.898000e+02, 8.853958e-21, 8.853958e-21
1.899000e+02, 8.535912e-21, 8.535912e-21
1.900000e+02, 8.375412e-21, 8.375412e-21
1.901000e+02, 8.277955e-21, 8.277955e-21
1.902000e+02, 8.171890e-21, 8.171890e-21
1.903000e+02, 7.518694e-21, 7.518694e-21
1.904000e+02, 7.502887e-21, 7.502887e-21
1.905000e+02, 7.889106e-21, 7.889106e-21
1.906000e+02, 7.000141e-21, 7.000141e-21
1.907000e+02, 6.935911e-21, 6.935911e-21
1.908000e+02, 6.390108e-21, 6.390108e-21
1.909000e+02, 6.316354e-21, 6.316354e-21
1.910000e+02, 5.690789e-21, 5.690789e-21
1.911000e+02, 5.578705e-21, 5.578705e-21
1.912000e+02, 5.299708e-21, 5.299708e-21
1.913000e+02, 5.384116e-21, 5.384116e-21
1.914000e+02, 5.386481e-21, 5.386481e-21
1.915000e+02, 5.066800e-21, 5.066800e-21
1.916000e+02, 4.901013e-21, 4.901013e-21
1.917000e+02, 4.617533e-21, 4.617533e-21
1.918000e+02, 3.927241e-21, 3.927241e-21
1.919000e+02, 3.441804e-21, 3.441804e-21
1.920000e+02, 3.517087e-21, 3.517087e-21
1.921000e+02, 3.639200e-21, 3.639200e-21
1.922000e+02, 3.560776e-21, 3.560776e-21
1.923000e+02, 3.481492e-21, 3.481492e-21
1.924000e+02, 3.812789e-21, 3.812789e-21
1.925000e+02, 3.773842e-21, 3.773842e-21
1.926000e+02, 4.145266e-21, 4.145266e-21
1.927000e+02, 3.693195e-21, 3.693195e-21
1.928000e+02, 3.059006e-21, 3.059006e-21
1.929000e+02, 3.463564e-21, 3.463564e-21
1.930000e+02, 3.446622e-21, 3.446622e-21
1.931000e+02, 3.021380e-21, 3.021380e-21
1.932000e+02, 3.136387e-21, 3.136387e-21
1.933000e+02, 3.134243e-21, 3.134243e-21
1.934000e+02, 3.052586e-21, 3.052586e-21
1.935000e+02, 3.351128e-21, 3.351128e-21
1.936000e+02, 2.953529e-21, 2.953529e-21
1.937000e+02, 2.609840e-21, 2.609840e-21
1.938000e+02, 2.813715e-21, 2.813715e-21
1.939000e+02, 2.906334e-21, 2.906334e-21
1.940000e+02, 2.883522e-21, 2.883522e-21
1.941000e+02, 2.860709e-21, 2.860709e-21
1.942000e+02, 2.837896e-21, 2.837896e-21
1.943000e+02, 2.815084e-21, 2.815084e-21
1.944000e+02, 2.792271e-21, 2.792271e-21
1.945000e+02, 2.769458e-21, 2.769458e-21
1.946000e+02, 2.746646e-21, 2.746646e-21
1.947000e+02, 2.723833e-21, 2.723833e-21
1.948000e+02, 2.701020e-21, 2.701020e-21
1.949000e+02, 2.678208e-21, 2.678208e-21
1.950000e+02, 2.655395e-21, 2.655395e-21
1.951000e+02, 2.632582e-21, 2.632582e-21
1.952000e+02, 2.609770e-21, 2.609770e-21
1.953000e+02, 2.586957e-21, 2.586957e-21
1.954000e+02, 2.564144e-21, 2.564144e-21
1.955000e+02, 2.541332e-21, 2.541332e-21
1.956000e+02, 2.518519e-21, 2.518519e-21
1.957000e+02, 2.495706e-21, 2.495706e-21
1.958000e+02, 2.472894e-21, 2.472894e-21
1.959000e+02, 2.450081e-21, 2.450081e-21
1.960000e+02, 2.427268e-21, 2.427268e-21
1.961000e+02, 2.404456e-21, 2.404456e-21
1.962000e+02, 2.381643e-21, 2.381643e-21
1.963000e+02, 2.358830e-21, 2.358830e-21
1.964000e+02, 2.336018e-21, 2.336018e-21
1.965000e+02, 2.313205e-21, 2.313205e-21
1.966000e+02, 2.290392e-21, 2.290392e-21
1.967000e+02, 2.267580e-21, 2.267580e-21
1.968000e+02, 2.244767e-21, 2.244767e-21
1.969000e+02, 2.221954e-21, 2.221954e-21
1.970000e+02, 2.199142e-21, 2.199142e-21
1.971000e+02, 2.176329e-21, 2.176329e-21
1.972000e+02, 2.153516e-21, 2.153516e-21
1.973000e+02, 2.130704e-21, 2.130704e-21
1.974000e+02, 2.107891e-21, 2.107891e-21
1.975000e+02, 2.085078e-21, 2.085078e-21
1.976000e+02, 2.062266e-21, 2.062266e-21
1.977000e+02, 2.039453e-21, 2.039453e-21
1.978000e+02, 2.016640e-21, 2.016640e-21
1.979000e+02, 1.993828e-21, 1.993828e-21
1.980000e+02, 1.971015e-21, 1.971015e-21
1.981000e+02, 1.948202e-21, 1.948202e-21
1.982000e+02, 1.925390e-21, 1.925390e-21
1.983000e+02, 1.902577e-21, 1.902577e-21
1.984000e+02, 1.879764e-21, 1.879764e-21
1.985000e+02, 1.856952e-21, 1.856952e-21
1.986000e+02, 1.834139e-21, 1.834139e-21
1.987000e+02, 1.811326e-21, 1.811326e-21
1.988000e+02, 1.788514e-21, 1.788514e-21
1.989000e+02, 1.765701e-21, 1.765701e-21
1.990000e+02, 1.742888e-21, 1.742888e-21
1.991000e+02, 1.720076e-21, 1.720076e-21
1.992000e+02, 1.697263e-21, 1.697263e-21
1.993000e+02, 1.674450e-21, 1.674450e-21
1.994000e+02, 1.651637e-21, 1.651637e-21
1.995000e+02, 1.628825e-21, 1.628825e-21
1.996000e+02, 1.606012e-21, 1.606012e-21
1.997000e+02, 1.583199e-21, 1.583199e-21
1.998000e+02, 1.560387e-21, 1.560387e-21
1.999000e+02, 1.537574e-21, 1.537574e-21
2.000000e+02, 1.514761e-21, 1.514761e-21
2.001000e+02, 1.491949e-21, 1.491949e-21
2.002000e+02, 1.469136e-21, 1.469136e-21
2.003000e+02, 1.446323e-21, 1.446323e-21
2.004000e+02, 1.423511e-21, 1.423511e-21
2.005000e+02, 1.400698e-21, 1.400698e-21
2.006000e+02, 1.377885e-21, 1.377885e-21
2.007000e+02, 1.355073e-21, 1.355073e-21
2.008000e+02, 1.332260e-21, 1.332260e-21
2.009000e+02, 1.309447e-21, 1.309447e-21
2.010000e+02, 1.286635e-21, 1.286635e-21
2.011000e+02, 1.263822e-21, 1.263822e-21
2.012000e+02, 1.241009e-21, 1.241009e-21
2.013000e+02, 1.218197e-21, 1.218197e-21
2.014000e+02, 1.195384e-21, 1.195384e-21
2.015000e+02, 1.172571e-21, 1.172571e-21
2.016000e+02, 1.149759e-21, 1.149759e-21
2.017000e+02, 1.126946e-21, 1.126946e-21
2.018000e+02, 1.104133e-21, 1.104133e-21
2.019000e+02, 1.081321e-21, 1.081321e-21
2.020000e+02, 1.058508e-21, 1.058508e-21
2.021000e+02, 1.035695e-21, 1.035695e-21
2.022000e+02, 1.012883e-21, 1.012883e-21
2.023000e+02, 9.900700e-22, 9.900700e-22
2.024000e+02, 9.672573e-22, 9.672573e-22
2.025000e+02, 9.444446e-22, 9.444446e-22
2.026000e+02, 9.216320e-22, 9.216320e-22
2.027000e+02, 8.988193e-22, 8.988193e-22
2.028000e+02, 8.760066e-22, 8.760066e-22
2.029000e+02, 8.531939e-22, 8.531939e-22
2.030000e+02, 8.303813e-22, 8.303813e-22
2.031000e+02, 8.075686e-22, 8.075686e-22
2.032000e+02, 7.847559e-22, 7.847559e-22
2.033000e+02, 7.619433e-22, 7.619433e-22
2.034000e+02, 7.391306e-22, 7.391306e-22
2.035000e+02, 7.163179e-22, 7.163179e-22
2.036000e+02, 6.935052e-22, 6.935052e-22
2.037000e+02, 6.706926e-22, 6.706926e-22
2.038000e+02, 6.478799e-22, 6.478799e-22
2.039000e+02, 6.250672e-22, 6.250672e-22
2.040000e+02, 6.022546e-22, 6.022546e-22
2.041000e+02, 5.794419e-22, 5.794419e-22
2.042000e+02, 5.566292e-22, 5.566292e-22
2.043000e+02, 5.338165e-22, 5.338165e-22
2.044000e+02, 5.110039e-22, 5.110039e-22
2.045000e+02, 4.881912e-22, 4.881912e-22
2.046000e+02, 4.653785e-22, 4.653785e-22
2.047000e+02, 4.425658e-22, 4.425658e-22
2.048000e+02, 4.197532e-22, 4.197532e-22
2.049000e+02, 3.969405e-22, 3.969405e-22
2.050000e+02, 3.741278e-22, 3.741278e-22
2.051000e+02, 3.513152e-22, 3.513152e-22
2.052000e+02, 3.285025e-22, 3.285025e-22
2.053000e+02, 3.056898e-22, 3.056898e-22
2.054000e+02, 2.828771e-22, 2.828771e-22
2.055000e+02, 2.600645e-22, 2.600645e-22
2.056000e+02, 2.372518e-22, 2.372518e-22
2.057000e+02, 2.144391e-22, 2.144391e-22
2.058000e+02, 1.916264e-22, 1.916264e-22
2.059000e+02, 1.688138e-22, 1.688138e-22
2.060000e+02, 1.460011e-22, 1.460011e-22
2.061000e+02, 1.231884e-22, 1.231884e-22
2.062000e+02, 1.003758e-22, 1.003758e-22
2.063000e+02, 7.756309e-23, 7.756309e-23
2.064000e+02, 5.475041e-23, 5.475041e-23
2.065000e+02, 3.193774e-23, 3.193774e-23
2.066000e+02, 9.125069e-24, 9.125069e-24