# wavelength (nm) photoabsorption  photodissociation  photoionisation (cm^2) at 1160K from Fateev et. al. (2019); < 123.6 nm from 800K Venot
1.1690000E+02,    3.86603E-18,    3.86603E-18,        0.0E+00
1.1693330E+02,    3.71701E-18,    3.71701E-18,        0.0E+00
1.1696670E+02,    4.00580E-18,    4.00580E-18,        0.0E+00
1.1700000E+02,    3.63899E-18,    3.63899E-18,        0.0E+00
1.1703330E+02,    3.27675E-18,    3.27675E-18,        0.0E+00
1.1706670E+02,    3.24030E-18,    3.24030E-18,        0.0E+00
1.1710000E+02,    3.33338E-18,    3.33338E-18,        0.0E+00
1.1713330E+02,    3.09906E-18,    3.09906E-18,        0.0E+00
1.1716670E+02,    3.07957E-18,    3.07957E-18,        0.0E+00
1.1720000E+02,    3.28685E-18,    3.28685E-18,        0.0E+00
1.1723330E+02,    3.41737E-18,    3.41737E-18,        0.0E+00
1.1726670E+02,    3.70070E-18,    3.70070E-18,        0.0E+00
1.1730000E+02,    3.52231E-18,    3.52231E-18,        0.0E+00
1.1733330E+02,    3.44894E-18,    3.44894E-18,        0.0E+00
1.1736670E+02,    3.21948E-18,    3.21948E-18,        0.0E+00
1.1740000E+02,    3.22012E-18,    3.22012E-18,        0.0E+00
1.1743330E+02,    3.24220E-18,    3.24220E-18,        0.0E+00
1.1746670E+02,    3.29381E-18,    3.29381E-18,        0.0E+00
1.1750000E+02,    3.38435E-18,    3.38435E-18,        0.0E+00
1.1753330E+02,    3.48072E-18,    3.48072E-18,        0.0E+00
1.1756670E+02,    3.27241E-18,    3.27241E-18,        0.0E+00
1.1760000E+02,    3.09679E-18,    3.09679E-18,        0.0E+00
1.1763330E+02,    2.92228E-18,    2.92228E-18,        0.0E+00
1.1766670E+02,    2.65493E-18,    2.65493E-18,        0.0E+00
1.1770000E+02,    2.48520E-18,    2.48520E-18,        0.0E+00
1.1773330E+02,    2.40284E-18,    2.40284E-18,        0.0E+00
1.1776670E+02,    2.18360E-18,    2.18360E-18,        0.0E+00
1.1780000E+02,    2.19983E-18,    2.19983E-18,        0.0E+00
1.1783330E+02,    2.07373E-18,    2.07373E-18,        0.0E+00
1.1786670E+02,    2.01368E-18,    2.01368E-18,        0.0E+00
1.1790000E+02,    1.98453E-18,    1.98453E-18,        0.0E+00
1.1793330E+02,    2.06233E-18,    2.06233E-18,        0.0E+00
1.1796670E+02,    2.14875E-18,    2.14875E-18,        0.0E+00
1.1800000E+02,    2.17809E-18,    2.17809E-18,        0.0E+00
1.1803330E+02,    2.06605E-18,    2.06605E-18,        0.0E+00
1.1806670E+02,    1.87940E-18,    1.87940E-18,        0.0E+00
1.1810000E+02,    1.73614E-18,    1.73614E-18,        0.0E+00
1.1813330E+02,    1.64549E-18,    1.64549E-18,        0.0E+00
1.1816670E+02,    1.63245E-18,    1.63245E-18,        0.0E+00
1.1820000E+02,    1.68205E-18,    1.68205E-18,        0.0E+00
1.1823330E+02,    1.74991E-18,    1.74991E-18,        0.0E+00
1.1826670E+02,    1.75049E-18,    1.75049E-18,        0.0E+00
1.1830000E+02,    1.78405E-18,    1.78405E-18,        0.0E+00
1.1833330E+02,    1.85439E-18,    1.85439E-18,        0.0E+00
1.1836670E+02,    1.88426E-18,    1.88426E-18,        0.0E+00
1.1840000E+02,    2.04745E-18,    2.04745E-18,        0.0E+00
1.1843330E+02,    2.13256E-18,    2.13256E-18,        0.0E+00
1.1846670E+02,    2.09375E-18,    2.09375E-18,        0.0E+00
1.1850000E+02,    1.94515E-18,    1.94515E-18,        0.0E+00
1.1853330E+02,    1.77866E-18,    1.77866E-18,        0.0E+00
1.1856670E+02,    1.69095E-18,    1.69095E-18,        0.0E+00
1.1860000E+02,    1.64990E-18,    1.64990E-18,        0.0E+00
1.1863330E+02,    1.67153E-18,    1.67153E-18,        0.0E+00
1.1866670E+02,    1.59317E-18,    1.59317E-18,        0.0E+00
1.1870000E+02,    1.46965E-18,    1.46965E-18,        0.0E+00
1.1873330E+02,    1.40930E-18,    1.40930E-18,        0.0E+00
1.1876670E+02,    1.36246E-18,    1.36246E-18,        0.0E+00
1.1880000E+02,    1.28112E-18,    1.28112E-18,        0.0E+00
1.1883330E+02,    1.24163E-18,    1.24163E-18,        0.0E+00
1.1886670E+02,    1.20186E-18,    1.20186E-18,        0.0E+00
1.1890000E+02,    1.18828E-18,    1.18828E-18,        0.0E+00
1.1893330E+02,    1.11142E-18,    1.11142E-18,        0.0E+00
1.1896670E+02,    1.08757E-18,    1.08757E-18,        0.0E+00
1.1900000E+02,    1.07564E-18,    1.07564E-18,        0.0E+00
1.1903330E+02,    1.05497E-18,    1.05497E-18,        0.0E+00
1.1906670E+02,    1.04255E-18,    1.04255E-18,        0.0E+00
1.1910000E+02,    1.03279E-18,    1.03279E-18,        0.0E+00
1.1913330E+02,    1.06550E-18,    1.06550E-18,        0.0E+00
1.1916670E+02,    1.08612E-18,    1.08612E-18,        0.0E+00
1.1920000E+02,    1.16864E-18,    1.16864E-18,        0.0E+00
1.1923330E+02,    1.33114E-18,    1.33114E-18,        0.0E+00
1.1926670E+02,    1.42331E-18,    1.42331E-18,        0.0E+00
1.1930000E+02,    1.42309E-18,    1.42309E-18,        0.0E+00
1.1933330E+02,    1.36723E-18,    1.36723E-18,        0.0E+00
1.1936670E+02,    1.29925E-18,    1.29925E-18,        0.0E+00
1.1940000E+02,    1.24928E-18,    1.24928E-18,        0.0E+00
1.1943330E+02,    1.21178E-18,    1.21178E-18,        0.0E+00
1.1946670E+02,    1.21666E-18,    1.21666E-18,        0.0E+00
1.1950000E+02,    1.21638E-18,    1.21638E-18,        0.0E+00
1.1953330E+02,    1.19891E-18,    1.19891E-18,        0.0E+00
1.1956670E+02,    1.16031E-18,    1.16031E-18,        0.0E+00
1.1960000E+02,    1.08608E-18,    1.08608E-18,        0.0E+00
1.1963330E+02,    1.00528E-18,    1.00528E-18,        0.0E+00
1.1966670E+02,    9.42652E-19,    9.42652E-19,        0.0E+00
1.1970000E+02,    8.91683E-19,    8.91683E-19,        0.0E+00
1.1973330E+02,    8.45794E-19,    8.45794E-19,        0.0E+00
1.1976670E+02,    8.13467E-19,    8.13467E-19,        0.0E+00
1.1980000E+02,    8.18862E-19,    8.18862E-19,        0.0E+00
1.1983330E+02,    8.11846E-19,    8.11846E-19,        0.0E+00
1.1986670E+02,    8.08364E-19,    8.08364E-19,        0.0E+00
1.1990000E+02,    8.14665E-19,    8.14665E-19,        0.0E+00
1.1993330E+02,    8.10280E-19,    8.10280E-19,        0.0E+00
1.1996670E+02,    8.22224E-19,    8.22224E-19,        0.0E+00
1.2000000E+02,    8.93362E-19,    8.93362E-19,        0.0E+00
1.2003330E+02,    9.06711E-19,    9.06711E-19,        0.0E+00
1.2006670E+02,    8.77523E-19,    8.77523E-19,        0.0E+00
1.2010000E+02,    8.17526E-19,    8.17526E-19,        0.0E+00
1.2013330E+02,    7.70565E-19,    7.70565E-19,        0.0E+00
1.2016670E+02,    7.45407E-19,    7.45407E-19,        0.0E+00
1.2020000E+02,    7.33080E-19,    7.33080E-19,        0.0E+00
1.2023330E+02,    7.13256E-19,    7.13256E-19,        0.0E+00
1.2026670E+02,    7.33397E-19,    7.33397E-19,        0.0E+00
1.2030000E+02,    7.63689E-19,    7.63689E-19,        0.0E+00
1.2033330E+02,    8.04994E-19,    8.04994E-19,        0.0E+00
1.2036670E+02,    8.26864E-19,    8.26864E-19,        0.0E+00
1.2040000E+02,    8.57589E-19,    8.57589E-19,        0.0E+00
1.2043330E+02,    8.59964E-19,    8.59964E-19,        0.0E+00
1.2046670E+02,    8.72558E-19,    8.72558E-19,        0.0E+00
1.2050000E+02,    8.49937E-19,    8.49937E-19,        0.0E+00
1.2053330E+02,    8.05574E-19,    8.05574E-19,        0.0E+00
1.2056670E+02,    7.67231E-19,    7.67231E-19,        0.0E+00
1.2060000E+02,    7.20780E-19,    7.20780E-19,        0.0E+00
1.2063330E+02,    6.97852E-19,    6.97852E-19,        0.0E+00
1.2066670E+02,    6.63982E-19,    6.63982E-19,        0.0E+00
1.2070000E+02,    6.73487E-19,    6.73487E-19,        0.0E+00
1.2073330E+02,    6.47156E-19,    6.47156E-19,        0.0E+00
1.2076670E+02,    6.24451E-19,    6.24451E-19,        0.0E+00
1.2080000E+02,    5.92358E-19,    5.92358E-19,        0.0E+00
1.2083330E+02,    5.58610E-19,    5.58610E-19,        0.0E+00
1.2086670E+02,    5.27867E-19,    5.27867E-19,        0.0E+00
1.2090000E+02,    5.01244E-19,    5.01244E-19,        0.0E+00
1.2093330E+02,    4.85554E-19,    4.85554E-19,        0.0E+00
1.2096670E+02,    4.82553E-19,    4.82553E-19,        0.0E+00
1.2100000E+02,    4.87521E-19,    4.87521E-19,        0.0E+00
1.2103330E+02,    4.98166E-19,    4.98166E-19,        0.0E+00
1.2106670E+02,    5.04756E-19,    5.04756E-19,        0.0E+00
1.2110000E+02,    5.00927E-19,    5.00927E-19,        0.0E+00
1.2113330E+02,    5.07175E-19,    5.07175E-19,        0.0E+00
1.2116670E+02,    5.14143E-19,    5.14143E-19,        0.0E+00
1.2120000E+02,    5.29104E-19,    5.29104E-19,        0.0E+00
1.2123330E+02,    5.31218E-19,    5.31218E-19,        0.0E+00
1.2126670E+02,    5.48659E-19,    5.48659E-19,        0.0E+00
1.2130000E+02,    5.55836E-19,    5.55836E-19,        0.0E+00
1.2133330E+02,    5.94538E-19,    5.94538E-19,        0.0E+00
1.2136670E+02,    5.89732E-19,    5.89732E-19,        0.0E+00
1.2140000E+02,    5.92354E-19,    5.92354E-19,        0.0E+00
1.2143330E+02,    5.88211E-19,    5.88211E-19,        0.0E+00
1.2146670E+02,    5.67061E-19,    5.67061E-19,        0.0E+00
1.2150000E+02,    5.54424E-19,    5.54424E-19,        0.0E+00
1.2153330E+02,    5.31726E-19,    5.31726E-19,        0.0E+00
1.2156670E+02,    5.16769E-19,    5.16769E-19,        0.0E+00
1.2160000E+02,    4.88782E-19,    4.88782E-19,        0.0E+00
1.2163330E+02,    4.65306E-19,    4.65306E-19,        0.0E+00
1.2166670E+02,    4.69874E-19,    4.69874E-19,        0.0E+00
1.2170000E+02,    4.42116E-19,    4.42116E-19,        0.0E+00
1.2173330E+02,    4.18654E-19,    4.18654E-19,        0.0E+00
1.2176670E+02,    4.04040E-19,    4.04040E-19,        0.0E+00
1.2180000E+02,    3.91067E-19,    3.91067E-19,        0.0E+00
1.2183330E+02,    3.91809E-19,    3.91809E-19,        0.0E+00
1.2186670E+02,    3.91593E-19,    3.91593E-19,        0.0E+00
1.2190000E+02,    4.05822E-19,    4.05822E-19,        0.0E+00
1.2193330E+02,    4.15708E-19,    4.15708E-19,        0.0E+00
1.2196670E+02,    4.09466E-19,    4.09466E-19,        0.0E+00
1.2200000E+02,    3.86004E-19,    3.86004E-19,        0.0E+00
1.2203330E+02,    3.94855E-19,    3.94855E-19,        0.0E+00
1.2206670E+02,    4.00293E-19,    4.00293E-19,        0.0E+00
1.2210000E+02,    4.00758E-19,    4.00758E-19,        0.0E+00
1.2213330E+02,    4.09130E-19,    4.09130E-19,        0.0E+00
1.2216670E+02,    3.93865E-19,    3.93865E-19,        0.0E+00
1.2220000E+02,    3.89428E-19,    3.89428E-19,        0.0E+00
1.2223330E+02,    3.81672E-19,    3.81672E-19,        0.0E+00
1.2226670E+02,    3.73274E-19,    3.73274E-19,        0.0E+00
1.2230000E+02,    3.72666E-19,    3.72666E-19,        0.0E+00
1.2233330E+02,    3.76439E-19,    3.76439E-19,        0.0E+00
1.2236670E+02,    3.85022E-19,    3.85022E-19,        0.0E+00
1.2240000E+02,    4.10666E-19,    4.10666E-19,        0.0E+00
1.2243330E+02,    4.14667E-19,    4.14667E-19,        0.0E+00
1.2246670E+02,    4.17001E-19,    4.17001E-19,        0.0E+00
1.2250000E+02,    4.11926E-19,    4.11926E-19,        0.0E+00
1.2253330E+02,    4.05086E-19,    4.05086E-19,        0.0E+00
1.2256670E+02,    3.86805E-19,    3.86805E-19,        0.0E+00
1.2260000E+02,    3.67944E-19,    3.67944E-19,        0.0E+00
1.2263330E+02,    3.60805E-19,    3.60805E-19,        0.0E+00
1.2266670E+02,    3.58755E-19,    3.58755E-19,        0.0E+00
1.2270000E+02,    3.53597E-19,    3.53597E-19,        0.0E+00
1.2273330E+02,    3.45692E-19,    3.45692E-19,        0.0E+00
1.2276670E+02,    3.48177E-19,    3.48177E-19,        0.0E+00
1.2280000E+02,    3.39774E-19,    3.39774E-19,        0.0E+00
1.2283330E+02,    3.27023E-19,    3.27023E-19,        0.0E+00
1.2286670E+02,    3.26142E-19,    3.26142E-19,        0.0E+00
1.2290000E+02,    3.21670E-19,    3.21670E-19,        0.0E+00
1.2293330E+02,    3.26791E-19,    3.26791E-19,        0.0E+00
1.2296670E+02,    3.22105E-19,    3.22105E-19,        0.0E+00
1.2300000E+02,    3.18303E-19,    3.18303E-19,        0.0E+00
1.2303330E+02,    3.05544E-19,    3.05544E-19,        0.0E+00
1.2306670E+02,    3.05482E-19,    3.05482E-19,        0.0E+00
1.2310000E+02,    3.05353E-19,    3.05353E-19,        0.0E+00
1.2313330E+02,    3.06053E-19,    3.06053E-19,        0.0E+00
1.2316670E+02,    3.17841E-19,    3.17841E-19,        0.0E+00
1.2320000E+02,    3.20066E-19,    3.20066E-19,        0.0E+00
1.2323330E+02,    3.22681E-19,    3.22681E-19,        0.0E+00
1.2326670E+02,    3.31959E-19,    3.31959E-19,        0.0E+00
1.2330000E+02,    3.33666E-19,    3.33666E-19,        0.0E+00
1.2333330E+02,    3.37598E-19,    3.37598E-19,        0.0E+00
1.2336670E+02,    3.46820E-19,    3.46820E-19,        0.0E+00
1.2340000E+02,    3.51013E-19,    3.51013E-19,        0.0E+00
1.2343330E+02,    3.58128E-19,    3.58128E-19,        0.0E+00
1.2346670E+02,    3.51926E-19,    3.51926E-19,        0.0E+00
1.2350000E+02,    3.65741E-19,    3.65741E-19,        0.0E+00
1.2353330E+02,    3.56286E-19,    3.56286E-19,        0.0E+00
1.2356670E+02,    3.47123E-19,    3.47123E-19,        0.0E+00
1.23600E+02, 6.0850009504E-19, 6.0850009504E-19, 0.0000000000E+00
1.23700E+02, 6.0448324804E-19, 6.0448324804E-19, 0.0000000000E+00
1.23800E+02, 5.3051216063E-19, 5.3051216063E-19, 0.0000000000E+00
1.23900E+02, 5.7569544330E-19, 5.7569544330E-19, 0.0000000000E+00
1.24000E+02, 5.4699064725E-19, 5.4699064725E-19, 0.0000000000E+00
1.24100E+02, 5.2136939659E-19, 5.2136939659E-19, 0.0000000000E+00
1.24200E+02, 5.8368016745E-19, 5.8368016745E-19, 0.0000000000E+00
1.24300E+02, 5.7148614378E-19, 5.7148614378E-19, 0.0000000000E+00
1.24400E+02, 5.5293854410E-19, 5.5293854410E-19, 0.0000000000E+00
1.24500E+02, 5.5074986140E-19, 5.5074986140E-19, 0.0000000000E+00
1.24600E+02, 6.0755369228E-19, 6.0755369228E-19, 0.0000000000E+00
1.24700E+02, 6.1665112808E-19, 6.1665112808E-19, 0.0000000000E+00
1.24800E+02, 6.2510884275E-19, 6.2510884275E-19, 0.0000000000E+00
1.24900E+02, 6.2376960911E-19, 6.2376960911E-19, 0.0000000000E+00
1.25000E+02, 6.2258383015E-19, 6.2258383015E-19, 0.0000000000E+00
1.25100E+02, 6.2502570956E-19, 6.2502570956E-19, 0.0000000000E+00
1.25200E+02, 6.2842687680E-19, 6.2842687680E-19, 0.0000000000E+00
1.25300E+02, 6.3694295126E-19, 6.3694295126E-19, 0.0000000000E+00
1.25400E+02, 6.5129710796E-19, 6.5129710796E-19, 0.0000000000E+00
1.25500E+02, 6.5662355184E-19, 6.5662355184E-19, 0.0000000000E+00
1.25600E+02, 6.7195198122E-19, 6.7195198122E-19, 0.0000000000E+00
1.25700E+02, 6.7833784302E-19, 6.7833784302E-19, 0.0000000000E+00
1.25800E+02, 6.8718055669E-19, 6.8718055669E-19, 0.0000000000E+00
1.25900E+02, 7.0873542880E-19, 7.0873542880E-19, 0.0000000000E+00
1.26000E+02, 7.1931903997E-19, 7.1931903997E-19, 0.0000000000E+00
1.26100E+02, 7.2867848946E-19, 7.2867848946E-19, 0.0000000000E+00
1.26200E+02, 7.4261968071E-19, 7.4261968071E-19, 0.0000000000E+00
1.26300E+02, 7.5750735519E-19, 7.5750735519E-19, 0.0000000000E+00
1.26400E+02, 7.8872056346E-19, 7.8872056346E-19, 0.0000000000E+00
1.26500E+02, 8.0143448747E-19, 8.0143448747E-19, 0.0000000000E+00
1.26600E+02, 7.9802397554E-19, 7.9802397554E-19, 0.0000000000E+00
1.26700E+02, 8.0216712760E-19, 8.0216712760E-19, 0.0000000000E+00
1.26800E+02, 8.0960345711E-19, 8.0960345711E-19, 0.0000000000E+00
1.26900E+02, 8.2798019598E-19, 8.2798019598E-19, 0.0000000000E+00
1.27000E+02, 8.7006991644E-19, 8.7006991644E-19, 0.0000000000E+00
1.27100E+02, 8.8016405990E-19, 8.8016405990E-19, 0.0000000000E+00
1.27200E+02, 9.1816742027E-19, 9.1816742027E-19, 0.0000000000E+00
1.27300E+02, 9.4336652738E-19, 9.4336652738E-19, 0.0000000000E+00
1.27400E+02, 9.6882667628E-19, 9.6882667628E-19, 0.0000000000E+00
1.27500E+02, 9.8687241660E-19, 9.8687241660E-19, 0.0000000000E+00
1.27600E+02, 9.8078464637E-19, 9.8078464637E-19, 0.0000000000E+00
1.27700E+02, 9.5925420010E-19, 9.5925420010E-19, 0.0000000000E+00
1.27800E+02, 9.8485796739E-19, 9.8485796739E-19, 0.0000000000E+00
1.27900E+02, 1.0013062808E-18, 1.0013062808E-18, 0.0000000000E+00
1.28000E+02, 1.0173470354E-18, 1.0173470354E-18, 0.0000000000E+00
1.28100E+02, 1.0717347381E-18, 1.0717347381E-18, 0.0000000000E+00
1.28200E+02, 1.1102453889E-18, 1.1102453889E-18, 0.0000000000E+00
1.28300E+02, 1.1514690052E-18, 1.1514690052E-18, 0.0000000000E+00
1.28400E+02, 1.1522730067E-18, 1.1522730067E-18, 0.0000000000E+00
1.28500E+02, 1.1620203438E-18, 1.1620203438E-18, 0.0000000000E+00
1.28600E+02, 1.1476902004E-18, 1.1476902004E-18, 0.0000000000E+00
1.28700E+02, 1.1506811334E-18, 1.1506811334E-18, 0.0000000000E+00
1.28800E+02, 1.1472260213E-18, 1.1472260213E-18, 0.0000000000E+00
1.28900E+02, 1.1635792070E-18, 1.1635792070E-18, 0.0000000000E+00
1.29000E+02, 1.1451493638E-18, 1.1451493638E-18, 0.0000000000E+00
1.29100E+02, 1.2051482452E-18, 1.2051482452E-18, 0.0000000000E+00
1.29200E+02, 1.2904144342E-18, 1.2904144342E-18, 0.0000000000E+00
1.29300E+02, 1.3238330283E-18, 1.3238330283E-18, 0.0000000000E+00
1.29400E+02, 1.3782371847E-18, 1.3782371847E-18, 0.0000000000E+00
1.29500E+02, 1.4049928270E-18, 1.4049928270E-18, 0.0000000000E+00
1.29600E+02, 1.3535006069E-18, 1.3535006069E-18, 0.0000000000E+00
1.29700E+02, 1.3616357286E-18, 1.3616357286E-18, 0.0000000000E+00
1.29800E+02, 1.2996502760E-18, 1.2996502760E-18, 0.0000000000E+00
1.29900E+02, 1.3015455435E-18, 1.3015455435E-18, 0.0000000000E+00
1.30000E+02, 1.3856798490E-18, 1.3856798490E-18, 0.0000000000E+00
1.30100E+02, 1.4091137228E-18, 1.4091137228E-18, 0.0000000000E+00
1.30200E+02, 1.4558602800E-18, 1.4558602800E-18, 0.0000000000E+00
1.30300E+02, 1.5767934814E-18, 1.5767934814E-18, 0.0000000000E+00
1.30400E+02, 1.5828950898E-18, 1.5828950898E-18, 0.0000000000E+00
1.30500E+02, 1.5942471672E-18, 1.5942471672E-18, 0.0000000000E+00
1.30600E+02, 1.5969581339E-18, 1.5969581339E-18, 0.0000000000E+00
1.30700E+02, 1.4828387864E-18, 1.4828387864E-18, 0.0000000000E+00
1.30800E+02, 1.5393461999E-18, 1.5393461999E-18, 0.0000000000E+00
1.30900E+02, 1.5301700067E-18, 1.5301700067E-18, 0.0000000000E+00
1.31000E+02, 1.4457435059E-18, 1.4457435059E-18, 0.0000000000E+00
1.31100E+02, 1.5111987292E-18, 1.5111987292E-18, 0.0000000000E+00
1.31200E+02, 1.5492598116E-18, 1.5492598116E-18, 0.0000000000E+00
1.31300E+02, 1.5704399872E-18, 1.5704399872E-18, 0.0000000000E+00
1.31400E+02, 1.7193463145E-18, 1.7193463145E-18, 0.0000000000E+00
1.31500E+02, 1.7413459918E-18, 1.7413459918E-18, 0.0000000000E+00
1.31600E+02, 1.7047334372E-18, 1.7047334372E-18, 0.0000000000E+00
1.31700E+02, 1.6324260698E-18, 1.6324260698E-18, 0.0000000000E+00
1.31800E+02, 1.6174436306E-18, 1.6174436306E-18, 0.0000000000E+00
1.31900E+02, 1.5827971907E-18, 1.5827971907E-18, 0.0000000000E+00
1.32000E+02, 1.5657511262E-18, 1.5657511262E-18, 0.0000000000E+00
1.32100E+02, 1.5674015797E-18, 1.5674015797E-18, 0.0000000000E+00
1.32200E+02, 1.5446079648E-18, 1.5446079648E-18, 0.0000000000E+00
1.32300E+02, 1.5853787607E-18, 1.5853787607E-18, 0.0000000000E+00
1.32400E+02, 1.6077540966E-18, 1.6077540966E-18, 0.0000000000E+00
1.32500E+02, 1.6685149224E-18, 1.6685149224E-18, 0.0000000000E+00
1.32600E+02, 1.7019731715E-18, 1.7019731715E-18, 0.0000000000E+00
1.32700E+02, 1.6213464337E-18, 1.6213464337E-18, 0.0000000000E+00
1.32800E+02, 1.5977280912E-18, 1.5977280912E-18, 0.0000000000E+00
1.32900E+02, 1.5798729918E-18, 1.5798729918E-18, 0.0000000000E+00
1.33000E+02, 1.5204270401E-18, 1.5204270401E-18, 0.0000000000E+00
1.33100E+02, 1.5212813911E-18, 1.5212813911E-18, 0.0000000000E+00
1.33200E+02, 1.5411414750E-18, 1.5411414750E-18, 0.0000000000E+00
1.33300E+02, 1.5247230274E-18, 1.5247230274E-18, 0.0000000000E+00
1.33400E+02, 1.4661625511E-18, 1.4661625511E-18, 0.0000000000E+00
1.33500E+02, 1.4910368361E-18, 1.4910368361E-18, 0.0000000000E+00
1.33600E+02, 1.5318160777E-18, 1.5318160777E-18, 0.0000000000E+00
1.33700E+02, 1.5642775863E-18, 1.5642775863E-18, 0.0000000000E+00
1.33800E+02, 1.4902964658E-18, 1.4902964658E-18, 0.0000000000E+00
1.33900E+02, 1.4935513102E-18, 1.4935513102E-18, 0.0000000000E+00
1.34000E+02, 1.5203639828E-18, 1.5203639828E-18, 0.0000000000E+00
1.34100E+02, 1.3355406178E-18, 1.3355406178E-18, 0.0000000000E+00
1.34200E+02, 1.4217152782E-18, 1.4217152782E-18, 0.0000000000E+00
1.34300E+02, 1.4103204585E-18, 1.4103204585E-18, 0.0000000000E+00
1.34400E+02, 1.3990110377E-18, 1.3990110377E-18, 0.0000000000E+00
1.34500E+02, 1.4158673325E-18, 1.4158673325E-18, 0.0000000000E+00
1.34600E+02, 1.3696127768E-18, 1.3696127768E-18, 0.0000000000E+00
1.34700E+02, 1.3575423269E-18, 1.3575423269E-18, 0.0000000000E+00
1.34800E+02, 1.3930695502E-18, 1.3930695502E-18, 0.0000000000E+00
1.34900E+02, 1.4062671385E-18, 1.4062671385E-18, 0.0000000000E+00
1.35000E+02, 1.4238503821E-18, 1.4238503821E-18, 0.0000000000E+00
1.35100E+02, 1.3481221369E-18, 1.3481221369E-18, 0.0000000000E+00
1.35200E+02, 1.2701706893E-18, 1.2701706893E-18, 0.0000000000E+00
1.35300E+02, 1.2655058532E-18, 1.2655058532E-18, 0.0000000000E+00
1.35400E+02, 1.2594362113E-18, 1.2594362113E-18, 0.0000000000E+00
1.35500E+02, 1.2353000810E-18, 1.2353000810E-18, 0.0000000000E+00
1.35600E+02, 1.2276061445E-18, 1.2276061445E-18, 0.0000000000E+00
1.35700E+02, 1.2091193238E-18, 1.2091193238E-18, 0.0000000000E+00
1.35800E+02, 1.1708807190E-18, 1.1708807190E-18, 0.0000000000E+00
1.35900E+02, 1.1704012330E-18, 1.1704012330E-18, 0.0000000000E+00
1.36000E+02, 1.1836376529E-18, 1.1836376529E-18, 0.0000000000E+00
1.36100E+02, 1.1759238307E-18, 1.1759238307E-18, 0.0000000000E+00
1.36200E+02, 1.1728195206E-18, 1.1728195206E-18, 0.0000000000E+00
1.36300E+02, 1.1530004546E-18, 1.1530004546E-18, 0.0000000000E+00
1.36400E+02, 1.0983399340E-18, 1.0983399340E-18, 0.0000000000E+00
1.36500E+02, 1.1103754315E-18, 1.1103754315E-18, 0.0000000000E+00
1.36600E+02, 1.0857481381E-18, 1.0857481381E-18, 0.0000000000E+00
1.36700E+02, 1.0388680126E-18, 1.0388680126E-18, 0.0000000000E+00
1.36800E+02, 9.9443670938E-19, 9.9443670938E-19, 0.0000000000E+00
1.36900E+02, 9.8505061400E-19, 9.8505061400E-19, 0.0000000000E+00
1.37000E+02, 9.8947568415E-19, 9.8947568415E-19, 0.0000000000E+00
1.37100E+02, 9.8410299414E-19, 9.8410299414E-19, 0.0000000000E+00
1.37200E+02, 9.8502404949E-19, 9.8502404949E-19, 0.0000000000E+00
1.37300E+02, 9.5615303089E-19, 9.5615303089E-19, 0.0000000000E+00
1.37400E+02, 9.3164394081E-19, 9.3164394081E-19, 0.0000000000E+00
1.37500E+02, 9.6107059090E-19, 9.6107059090E-19, 0.0000000000E+00
1.37600E+02, 9.3107417978E-19, 9.3107417978E-19, 0.0000000000E+00
1.37700E+02, 8.9249187924E-19, 8.9249187924E-19, 0.0000000000E+00
1.37800E+02, 8.6486949769E-19, 8.6486949769E-19, 0.0000000000E+00
1.37900E+02, 8.6136447221E-19, 8.6136447221E-19, 0.0000000000E+00
1.38000E+02, 8.5102955749E-19, 8.5102955749E-19, 0.0000000000E+00
1.38100E+02, 8.6848026974E-19, 8.6848026974E-19, 0.0000000000E+00
1.38200E+02, 8.6017399131E-19, 8.6017399131E-19, 0.0000000000E+00
1.38300E+02, 8.2813301360E-19, 8.2813301360E-19, 0.0000000000E+00
1.38400E+02, 8.2179316030E-19, 8.2179316030E-19, 0.0000000000E+00
1.38500E+02, 8.3374102942E-19, 8.3374102942E-19, 0.0000000000E+00
1.38600E+02, 8.4031811971E-19, 8.4031811971E-19, 0.0000000000E+00
1.38700E+02, 8.3759881991E-19, 8.3759881991E-19, 0.0000000000E+00
1.38800E+02, 8.0343873208E-19, 8.0343873208E-19, 0.0000000000E+00
1.38900E+02, 7.6998193447E-19, 7.6998193447E-19, 0.0000000000E+00
1.39000E+02, 7.5981712466E-19, 7.5981712466E-19, 0.0000000000E+00
1.39100E+02, 7.5288683460E-19, 7.5288683460E-19, 0.0000000000E+00
1.39200E+02, 7.3347488248E-19, 7.3347488248E-19, 0.0000000000E+00
1.39300E+02, 7.2455443735E-19, 7.2455443735E-19, 0.0000000000E+00
1.39400E+02, 7.2287898481E-19, 7.2287898481E-19, 0.0000000000E+00
1.39500E+02, 7.2806225761E-19, 7.2806225761E-19, 0.0000000000E+00
1.39600E+02, 7.2874071895E-19, 7.2874071895E-19, 0.0000000000E+00
1.39700E+02, 7.2455342321E-19, 7.2455342321E-19, 0.0000000000E+00
1.39800E+02, 7.2105653779E-19, 7.2105653779E-19, 0.0000000000E+00
1.39900E+02, 7.0657575224E-19, 7.0657575224E-19, 0.0000000000E+00
1.40000E+02, 6.9894411031E-19, 6.9894411031E-19, 0.0000000000E+00
1.40100E+02, 6.8974005529E-19, 6.8974005529E-19, 0.0000000000E+00
1.40200E+02, 6.7780171909E-19, 6.7780171909E-19, 0.0000000000E+00
1.40300E+02, 6.6392759998E-19, 6.6392759998E-19, 0.0000000000E+00
1.40400E+02, 6.5611046280E-19, 6.5611046280E-19, 0.0000000000E+00
1.40500E+02, 6.5482179628E-19, 6.5482179628E-19, 0.0000000000E+00
1.40600E+02, 6.4760097692E-19, 6.4760097692E-19, 0.0000000000E+00
1.40700E+02, 6.5965361297E-19, 6.5965361297E-19, 0.0000000000E+00
1.40800E+02, 6.5119371750E-19, 6.5119371750E-19, 0.0000000000E+00
1.40900E+02, 6.3688560215E-19, 6.3688560215E-19, 0.0000000000E+00
1.41000E+02, 6.3668054579E-19, 6.3668054579E-19, 0.0000000000E+00
1.41100E+02, 6.3913191445E-19, 6.3913191445E-19, 0.0000000000E+00
1.41200E+02, 6.2389912407E-19, 6.2389912407E-19, 0.0000000000E+00
1.41300E+02, 6.2585902795E-19, 6.2585902795E-19, 0.0000000000E+00
1.41400E+02, 6.1788795305E-19, 6.1788795305E-19, 0.0000000000E+00
1.41500E+02, 6.0868123413E-19, 6.0868123413E-19, 0.0000000000E+00
1.41600E+02, 6.1152886752E-19, 6.1152886752E-19, 0.0000000000E+00
1.41700E+02, 5.9926189684E-19, 5.9926189684E-19, 0.0000000000E+00
1.41800E+02, 6.0189622436E-19, 6.0189622436E-19, 0.0000000000E+00
1.41900E+02, 5.9571779219E-19, 5.9571779219E-19, 0.0000000000E+00
1.42000E+02, 5.9469612138E-19, 5.9469612138E-19, 0.0000000000E+00
1.42100E+02, 5.9651498065E-19, 5.9651498065E-19, 0.0000000000E+00
1.42200E+02, 6.0267323871E-19, 6.0267323871E-19, 0.0000000000E+00
1.42300E+02, 6.1300633079E-19, 6.1300633079E-19, 0.0000000000E+00
1.42400E+02, 6.1895222888E-19, 6.1895222888E-19, 0.0000000000E+00
1.42500E+02, 6.1702346248E-19, 6.1702346248E-19, 0.0000000000E+00
1.42600E+02, 6.1512799428E-19, 6.1512799428E-19, 0.0000000000E+00
1.42700E+02, 6.0221897837E-19, 6.0221897837E-19, 0.0000000000E+00
1.42800E+02, 5.8837592316E-19, 5.8837592316E-19, 0.0000000000E+00
1.42900E+02, 5.8142490940E-19, 5.8142490940E-19, 0.0000000000E+00
1.43000E+02, 5.8717485330E-19, 5.8717485330E-19, 0.0000000000E+00
1.43100E+02, 5.7142330526E-19, 5.7142330526E-19, 0.0000000000E+00
1.43200E+02, 5.8726357702E-19, 5.8726357702E-19, 0.0000000000E+00
1.43300E+02, 5.8904614837E-19, 5.8904614837E-19, 0.0000000000E+00
1.43400E+02, 6.0290572979E-19, 6.0290572979E-19, 0.0000000000E+00
1.43500E+02, 6.0246958277E-19, 6.0246958277E-19, 0.0000000000E+00
1.43600E+02, 6.0217635243E-19, 6.0217635243E-19, 0.0000000000E+00
1.43700E+02, 5.9207329553E-19, 5.9207329553E-19, 0.0000000000E+00
1.43800E+02, 5.8890786749E-19, 5.8890786749E-19, 0.0000000000E+00
1.43900E+02, 5.7736974446E-19, 5.7736974446E-19, 0.0000000000E+00
1.44000E+02, 5.8246625061E-19, 5.8246625061E-19, 0.0000000000E+00
1.44100E+02, 5.7658965595E-19, 5.7658965595E-19, 0.0000000000E+00
1.44200E+02, 5.7755375679E-19, 5.7755375679E-19, 0.0000000000E+00
1.44300E+02, 5.8781765774E-19, 5.8781765774E-19, 0.0000000000E+00
1.44400E+02, 5.9918580822E-19, 5.9918580822E-19, 0.0000000000E+00
1.44500E+02, 6.0265300509E-19, 6.0265300509E-19, 0.0000000000E+00
1.44600E+02, 5.9916066855E-19, 5.9916066855E-19, 0.0000000000E+00
1.44700E+02, 6.0399504601E-19, 6.0399504601E-19, 0.0000000000E+00
1.44800E+02, 6.0176875754E-19, 6.0176875754E-19, 0.0000000000E+00
1.44900E+02, 6.0375032349E-19, 6.0375032349E-19, 0.0000000000E+00
1.45000E+02, 5.9428227589E-19, 5.9428227589E-19, 0.0000000000E+00
1.45100E+02, 5.8601057042E-19, 5.8601057042E-19, 0.0000000000E+00
1.45200E+02, 5.9367417269E-19, 5.9367417269E-19, 0.0000000000E+00
1.45300E+02, 5.9088655315E-19, 5.9088655315E-19, 0.0000000000E+00
1.45400E+02, 5.9231172106E-19, 5.9231172106E-19, 0.0000000000E+00
1.45500E+02, 5.9536308167E-19, 5.9536308167E-19, 0.0000000000E+00
1.45600E+02, 5.9733179786E-19, 5.9733179786E-19, 0.0000000000E+00
1.45700E+02, 6.0725771177E-19, 6.0725771177E-19, 0.0000000000E+00
1.45800E+02, 6.2208158909E-19, 6.2208158909E-19, 0.0000000000E+00
1.45900E+02, 6.2447120832E-19, 6.2447120832E-19, 0.0000000000E+00
1.46000E+02, 6.2017264476E-19, 6.2017264476E-19, 0.0000000000E+00
1.46100E+02, 6.1394144700E-19, 6.1394144700E-19, 0.0000000000E+00
1.46200E+02, 6.0613675956E-19, 6.0613675956E-19, 0.0000000000E+00
1.46300E+02, 6.0040955193E-19, 6.0040955193E-19, 0.0000000000E+00
1.46400E+02, 5.9285040281E-19, 5.9285040281E-19, 0.0000000000E+00
1.46500E+02, 5.9814496640E-19, 5.9814496640E-19, 0.0000000000E+00
1.46600E+02, 6.0327990102E-19, 6.0327990102E-19, 0.0000000000E+00
1.46700E+02, 6.1810151576E-19, 6.1810151576E-19, 0.0000000000E+00
1.46800E+02, 6.3097676150E-19, 6.3097676150E-19, 0.0000000000E+00
1.46900E+02, 6.3262630378E-19, 6.3262630378E-19, 0.0000000000E+00
1.47000E+02, 6.3579072778E-19, 6.3579072778E-19, 0.0000000000E+00
1.47100E+02, 6.3209989331E-19, 6.3209989331E-19, 0.0000000000E+00
1.47200E+02, 6.3426705862E-19, 6.3426705862E-19, 0.0000000000E+00
1.47300E+02, 6.1874069642E-19, 6.1874069642E-19, 0.0000000000E+00
1.47400E+02, 6.1228149441E-19, 6.1228149441E-19, 0.0000000000E+00
1.47500E+02, 6.1885552826E-19, 6.1885552826E-19, 0.0000000000E+00
1.47600E+02, 6.2269632195E-19, 6.2269632195E-19, 0.0000000000E+00
1.47700E+02, 6.2690373001E-19, 6.2690373001E-19, 0.0000000000E+00
1.47800E+02, 6.2283513384E-19, 6.2283513384E-19, 0.0000000000E+00
1.47900E+02, 6.2376501359E-19, 6.2376501359E-19, 0.0000000000E+00
1.48000E+02, 6.4034833950E-19, 6.4034833950E-19, 0.0000000000E+00
1.48100E+02, 6.5527670950E-19, 6.5527670950E-19, 0.0000000000E+00
1.48200E+02, 6.6308076316E-19, 6.6308076316E-19, 0.0000000000E+00
1.48300E+02, 6.7028764355E-19, 6.7028764355E-19, 0.0000000000E+00
1.48400E+02, 6.5910446803E-19, 6.5910446803E-19, 0.0000000000E+00
1.48500E+02, 6.5354585035E-19, 6.5354585035E-19, 0.0000000000E+00
1.48600E+02, 6.4564740014E-19, 6.4564740014E-19, 0.0000000000E+00
1.48700E+02, 6.3767082326E-19, 6.3767082326E-19, 0.0000000000E+00
1.48800E+02, 6.3832178024E-19, 6.3832178024E-19, 0.0000000000E+00
1.48900E+02, 6.4044955471E-19, 6.4044955471E-19, 0.0000000000E+00
1.49000E+02, 6.4591793917E-19, 6.4591793917E-19, 0.0000000000E+00
1.49100E+02, 6.5392133635E-19, 6.5392133635E-19, 0.0000000000E+00
1.49200E+02, 6.7717832240E-19, 6.7717832240E-19, 0.0000000000E+00
1.49300E+02, 6.8384673270E-19, 6.8384673270E-19, 0.0000000000E+00
1.49400E+02, 6.8437791142E-19, 6.8437791142E-19, 0.0000000000E+00
1.49500E+02, 6.8099738634E-19, 6.8099738634E-19, 0.0000000000E+00
1.49600E+02, 6.9219501306E-19, 6.9219501306E-19, 0.0000000000E+00
1.49700E+02, 6.8829558912E-19, 6.8829558912E-19, 0.0000000000E+00
1.49800E+02, 6.7023062632E-19, 6.7023062632E-19, 0.0000000000E+00
1.49900E+02, 6.6878653074E-19, 6.6878653074E-19, 0.0000000000E+00
1.50000E+02, 6.6060672165E-19, 6.6060672165E-19, 0.0000000000E+00
1.50100E+02, 6.5335837433E-19, 6.5335837433E-19, 0.0000000000E+00
1.50200E+02, 6.5922166934E-19, 6.5922166934E-19, 0.0000000000E+00
1.50300E+02, 6.7443014273E-19, 6.7443014273E-19, 0.0000000000E+00
1.50400E+02, 6.8827347069E-19, 6.8827347069E-19, 0.0000000000E+00
1.50500E+02, 6.9000317925E-19, 6.9000317925E-19, 0.0000000000E+00
1.50600E+02, 7.0811162393E-19, 7.0811162393E-19, 0.0000000000E+00
1.50700E+02, 7.0304278884E-19, 7.0304278884E-19, 0.0000000000E+00
1.50800E+02, 7.0579265167E-19, 7.0579265167E-19, 0.0000000000E+00
1.50900E+02, 6.9835860390E-19, 6.9835860390E-19, 0.0000000000E+00
1.51000E+02, 6.9275307134E-19, 6.9275307134E-19, 0.0000000000E+00
1.51100E+02, 6.8796087130E-19, 6.8796087130E-19, 0.0000000000E+00
1.51200E+02, 6.7989906933E-19, 6.7989906933E-19, 0.0000000000E+00
1.51300E+02, 6.8009875607E-19, 6.8009875607E-19, 0.0000000000E+00
1.51400E+02, 6.8061980945E-19, 6.8061980945E-19, 0.0000000000E+00
1.51500E+02, 6.8496425869E-19, 6.8496425869E-19, 0.0000000000E+00
1.51600E+02, 6.9896552552E-19, 6.9896552552E-19, 0.0000000000E+00
1.51700E+02, 7.1145039101E-19, 7.1145039101E-19, 0.0000000000E+00
1.51800E+02, 7.1043648357E-19, 7.1043648357E-19, 0.0000000000E+00
1.51900E+02, 7.2003184766E-19, 7.2003184766E-19, 0.0000000000E+00
1.52000E+02, 7.3625492439E-19, 7.3625492439E-19, 0.0000000000E+00
1.52100E+02, 7.2446824692E-19, 7.2446824692E-19, 0.0000000000E+00
1.52200E+02, 7.1582158256E-19, 7.1582158256E-19, 0.0000000000E+00
1.52300E+02, 7.0738890100E-19, 7.0738890100E-19, 0.0000000000E+00
1.52400E+02, 7.0047749106E-19, 7.0047749106E-19, 0.0000000000E+00
1.52500E+02, 6.9154512207E-19, 6.9154512207E-19, 0.0000000000E+00
1.52600E+02, 6.9021568091E-19, 6.9021568091E-19, 0.0000000000E+00
1.52700E+02, 6.8829756651E-19, 6.8829756651E-19, 0.0000000000E+00
1.52800E+02, 7.0227319037E-19, 7.0227319037E-19, 0.0000000000E+00
1.52900E+02, 7.1490129016E-19, 7.1490129016E-19, 0.0000000000E+00
1.53000E+02, 7.2367394250E-19, 7.2367394250E-19, 0.0000000000E+00
1.53100E+02, 7.2387545327E-19, 7.2387545327E-19, 0.0000000000E+00
1.53200E+02, 7.3869921389E-19, 7.3869921389E-19, 0.0000000000E+00
1.53300E+02, 7.3871074731E-19, 7.3871074731E-19, 0.0000000000E+00
1.53400E+02, 7.3042888977E-19, 7.3042888977E-19, 0.0000000000E+00
1.53500E+02, 7.2030235432E-19, 7.2030235432E-19, 0.0000000000E+00
1.53600E+02, 7.1778803891E-19, 7.1778803891E-19, 0.0000000000E+00
1.53700E+02, 7.0771507006E-19, 7.0771507006E-19, 0.0000000000E+00
1.53800E+02, 6.9620014322E-19, 6.9620014322E-19, 0.0000000000E+00
1.53900E+02, 7.0590939114E-19, 7.0590939114E-19, 0.0000000000E+00
1.54000E+02, 7.0649471132E-19, 7.0649471132E-19, 0.0000000000E+00
1.54100E+02, 7.1023220701E-19, 7.1023220701E-19, 0.0000000000E+00
1.54200E+02, 7.2191131455E-19, 7.2191131455E-19, 0.0000000000E+00
1.54300E+02, 7.2805294671E-19, 7.2805294671E-19, 0.0000000000E+00
1.54400E+02, 7.2407668861E-19, 7.2407668861E-19, 0.0000000000E+00
1.54500E+02, 7.3032539709E-19, 7.3032539709E-19, 0.0000000000E+00
1.54600E+02, 7.3159363104E-19, 7.3159363104E-19, 0.0000000000E+00
1.54700E+02, 7.3965380365E-19, 7.3965380365E-19, 0.0000000000E+00
1.54800E+02, 7.3407131011E-19, 7.3407131011E-19, 0.0000000000E+00
1.54900E+02, 7.2001533031E-19, 7.2001533031E-19, 0.0000000000E+00
1.55000E+02, 7.1195313874E-19, 7.1195313874E-19, 0.0000000000E+00
1.55100E+02, 7.0612825014E-19, 7.0612825014E-19, 0.0000000000E+00
1.55200E+02, 7.0212663418E-19, 7.0212663418E-19, 0.0000000000E+00
1.55300E+02, 7.0186704550E-19, 7.0186704550E-19, 0.0000000000E+00
1.55400E+02, 7.1214518016E-19, 7.1214518016E-19, 0.0000000000E+00
1.55500E+02, 7.1911604077E-19, 7.1911604077E-19, 0.0000000000E+00
1.55600E+02, 7.1730121117E-19, 7.1730121117E-19, 0.0000000000E+00
1.55700E+02, 7.3108307833E-19, 7.3108307833E-19, 0.0000000000E+00
1.55800E+02, 7.4024680661E-19, 7.4024680661E-19, 0.0000000000E+00
1.55900E+02, 7.3421247019E-19, 7.3421247019E-19, 0.0000000000E+00
1.56000E+02, 7.3492154189E-19, 7.3492154189E-19, 0.0000000000E+00
1.56100E+02, 7.2411977712E-19, 7.2411977712E-19, 0.0000000000E+00
1.56200E+02, 7.1384140158E-19, 7.1384140158E-19, 0.0000000000E+00
1.56300E+02, 7.1281405847E-19, 7.1281405847E-19, 0.0000000000E+00
1.56400E+02, 7.1118509762E-19, 7.1118509762E-19, 0.0000000000E+00
1.56500E+02, 7.0447412510E-19, 7.0447412510E-19, 0.0000000000E+00
1.56600E+02, 7.0337603165E-19, 7.0337603165E-19, 0.0000000000E+00
1.56700E+02, 7.0441857751E-19, 7.0441857751E-19, 0.0000000000E+00
1.56800E+02, 7.0492387429E-19, 7.0492387429E-19, 0.0000000000E+00
1.56900E+02, 7.0389981868E-19, 7.0389981868E-19, 0.0000000000E+00
1.57000E+02, 7.1346220090E-19, 7.1346220090E-19, 0.0000000000E+00
1.57100E+02, 7.2564684418E-19, 7.2564684418E-19, 0.0000000000E+00
1.57200E+02, 7.2584492314E-19, 7.2584492314E-19, 0.0000000000E+00
1.57300E+02, 7.2116698701E-19, 7.2116698701E-19, 0.0000000000E+00
1.57400E+02, 7.1305173553E-19, 7.1305173553E-19, 0.0000000000E+00
1.57500E+02, 7.1650624279E-19, 7.1650624279E-19, 0.0000000000E+00
1.57600E+02, 7.1562928926E-19, 7.1562928926E-19, 0.0000000000E+00
1.57700E+02, 6.9611399616E-19, 6.9611399616E-19, 0.0000000000E+00
1.57800E+02, 6.8148266881E-19, 6.8148266881E-19, 0.0000000000E+00
1.57900E+02, 6.8854460994E-19, 6.8854460994E-19, 0.0000000000E+00
1.58000E+02, 6.9312311058E-19, 6.9312311058E-19, 0.0000000000E+00
1.58100E+02, 6.9657182936E-19, 6.9657182936E-19, 0.0000000000E+00
1.58200E+02, 6.9637299387E-19, 6.9637299387E-19, 0.0000000000E+00
1.58300E+02, 6.8809896743E-19, 6.8809896743E-19, 0.0000000000E+00
1.58400E+02, 6.9599318830E-19, 6.9599318830E-19, 0.0000000000E+00
1.58500E+02, 6.9836614562E-19, 6.9836614562E-19, 0.0000000000E+00
1.58600E+02, 7.0738597738E-19, 7.0738597738E-19, 0.0000000000E+00
1.58700E+02, 7.1212632557E-19, 7.1212632557E-19, 0.0000000000E+00
1.58800E+02, 6.9923392397E-19, 6.9923392397E-19, 0.0000000000E+00
1.58900E+02, 6.9308679115E-19, 6.9308679115E-19, 0.0000000000E+00
1.59000E+02, 6.8577198186E-19, 6.8577198186E-19, 0.0000000000E+00
1.59100E+02, 6.8130265575E-19, 6.8130265575E-19, 0.0000000000E+00
1.59200E+02, 6.8433291134E-19, 6.8433291134E-19, 0.0000000000E+00
1.59300E+02, 6.7003380320E-19, 6.7003380320E-19, 0.0000000000E+00
1.59400E+02, 6.6266158493E-19, 6.6266158493E-19, 0.0000000000E+00
1.59500E+02, 6.7208138605E-19, 6.7208138605E-19, 0.0000000000E+00
1.59600E+02, 6.7591055241E-19, 6.7591055241E-19, 0.0000000000E+00
1.59700E+02, 6.6774412837E-19, 6.6774412837E-19, 0.0000000000E+00
1.59800E+02, 6.6731252621E-19, 6.6731252621E-19, 0.0000000000E+00
1.59900E+02, 6.7864909203E-19, 6.7864909203E-19, 0.0000000000E+00
1.60000E+02, 6.8567753600E-19, 6.8567753600E-19, 0.0000000000E+00
1.60100E+02, 6.8443010518E-19, 6.8443010518E-19, 0.0000000000E+00
1.60200E+02, 6.6984107250E-19, 6.6984107250E-19, 0.0000000000E+00
1.60300E+02, 6.6476085460E-19, 6.6476085460E-19, 0.0000000000E+00
1.60400E+02, 6.6439943149E-19, 6.6439943149E-19, 0.0000000000E+00
1.60500E+02, 6.6481446530E-19, 6.6481446530E-19, 0.0000000000E+00
1.60600E+02, 6.5717421398E-19, 6.5717421398E-19, 0.0000000000E+00
1.60700E+02, 6.4825020997E-19, 6.4825020997E-19, 0.0000000000E+00
1.60800E+02, 6.3913391166E-19, 6.3913391166E-19, 0.0000000000E+00
1.60900E+02, 6.3656486239E-19, 6.3656486239E-19, 0.0000000000E+00
1.61000E+02, 6.4751039898E-19, 6.4751039898E-19, 0.0000000000E+00
1.61100E+02, 6.4739252841E-19, 6.4739252841E-19, 0.0000000000E+00
1.61200E+02, 6.4192949649E-19, 6.4192949649E-19, 0.0000000000E+00
1.61300E+02, 6.4156147941E-19, 6.4156147941E-19, 0.0000000000E+00
1.61400E+02, 6.4957302150E-19, 6.4957302150E-19, 0.0000000000E+00
1.61500E+02, 6.5345487833E-19, 6.5345487833E-19, 0.0000000000E+00
1.61600E+02, 6.4829626798E-19, 6.4829626798E-19, 0.0000000000E+00
1.61700E+02, 6.4450991734E-19, 6.4450991734E-19, 0.0000000000E+00
1.61800E+02, 6.3669295800E-19, 6.3669295800E-19, 0.0000000000E+00
1.61900E+02, 6.3302599273E-19, 6.3302599273E-19, 0.0000000000E+00
1.62000E+02, 6.3169194173E-19, 6.3169194173E-19, 0.0000000000E+00
1.62100E+02, 6.2279079387E-19, 6.2279079387E-19, 0.0000000000E+00
1.62200E+02, 6.1186895879E-19, 6.1186895879E-19, 0.0000000000E+00
1.62300E+02, 6.1005599348E-19, 6.1005599348E-19, 0.0000000000E+00
1.62400E+02, 6.0913963005E-19, 6.0913963005E-19, 0.0000000000E+00
1.62500E+02, 6.1358967626E-19, 6.1358967626E-19, 0.0000000000E+00
1.62600E+02, 6.1001319464E-19, 6.1001319464E-19, 0.0000000000E+00
1.62700E+02, 6.0619275004E-19, 6.0619275004E-19, 0.0000000000E+00
1.62800E+02, 6.1039054269E-19, 6.1039054269E-19, 0.0000000000E+00
1.62900E+02, 6.1716513905E-19, 6.1716513905E-19, 0.0000000000E+00
1.63000E+02, 6.1950778928E-19, 6.1950778928E-19, 0.0000000000E+00
1.63100E+02, 6.1615840725E-19, 6.1615840725E-19, 0.0000000000E+00
1.63200E+02, 6.1553919380E-19, 6.1553919380E-19, 0.0000000000E+00
1.63300E+02, 6.1462103288E-19, 6.1462103288E-19, 0.0000000000E+00
1.63400E+02, 6.0309583823E-19, 6.0309583823E-19, 0.0000000000E+00
1.63500E+02, 5.9937312865E-19, 5.9937312865E-19, 0.0000000000E+00
1.63600E+02, 5.9636936465E-19, 5.9636936465E-19, 0.0000000000E+00
1.63700E+02, 5.9259098338E-19, 5.9259098338E-19, 0.0000000000E+00
1.63800E+02, 5.8719405511E-19, 5.8719405511E-19, 0.0000000000E+00
1.63900E+02, 5.8472583476E-19, 5.8472583476E-19, 0.0000000000E+00
1.64000E+02, 5.7586556723E-19, 5.7586556723E-19, 0.0000000000E+00
1.64100E+02, 5.7640292085E-19, 5.7640292085E-19, 0.0000000000E+00
1.64200E+02, 5.7641216701E-19, 5.7641216701E-19, 0.0000000000E+00
1.64300E+02, 5.7529600851E-19, 5.7529600851E-19, 0.0000000000E+00
1.64400E+02, 5.7807838290E-19, 5.7807838290E-19, 0.0000000000E+00
1.64500E+02, 5.8155917954E-19, 5.8155917954E-19, 0.0000000000E+00
1.64600E+02, 5.8128013270E-19, 5.8128013270E-19, 0.0000000000E+00
1.64700E+02, 5.8122480745E-19, 5.8122480745E-19, 0.0000000000E+00
1.64800E+02, 5.7599445063E-19, 5.7599445063E-19, 0.0000000000E+00
1.64900E+02, 5.7373829378E-19, 5.7373829378E-19, 0.0000000000E+00
1.65000E+02, 5.6776379374E-19, 5.6776379374E-19, 0.0000000000E+00
1.65100E+02, 5.6156808831E-19, 5.6156808831E-19, 0.0000000000E+00
1.65200E+02, 5.5626594405E-19, 5.5626594405E-19, 0.0000000000E+00
1.65300E+02, 5.5580565734E-19, 5.5580565734E-19, 0.0000000000E+00
1.65400E+02, 5.4472284409E-19, 5.4472284409E-19, 0.0000000000E+00
1.65500E+02, 5.3742348251E-19, 5.3742348251E-19, 0.0000000000E+00
1.65600E+02, 5.3395950132E-19, 5.3395950132E-19, 0.0000000000E+00
1.65700E+02, 5.4156644561E-19, 5.4156644561E-19, 0.0000000000E+00
1.65800E+02, 5.3668238225E-19, 5.3668238225E-19, 0.0000000000E+00
1.65900E+02, 5.3221022751E-19, 5.3221022751E-19, 0.0000000000E+00
1.66000E+02, 5.3304912551E-19, 5.3304912551E-19, 0.0000000000E+00
1.66100E+02, 5.3499293622E-19, 5.3499293622E-19, 0.0000000000E+00
1.66200E+02, 5.3887078251E-19, 5.3887078251E-19, 0.0000000000E+00
1.66300E+02, 5.3617285347E-19, 5.3617285347E-19, 0.0000000000E+00
1.66400E+02, 5.3032373289E-19, 5.3032373289E-19, 0.0000000000E+00
1.66500E+02, 5.3204237403E-19, 5.3204237403E-19, 0.0000000000E+00
1.66600E+02, 5.2333026326E-19, 5.2333026326E-19, 0.0000000000E+00
1.66700E+02, 5.1862059192E-19, 5.1862059192E-19, 0.0000000000E+00
1.66800E+02, 5.1466524110E-19, 5.1466524110E-19, 0.0000000000E+00
1.66900E+02, 5.0945133108E-19, 5.0945133108E-19, 0.0000000000E+00
1.67000E+02, 5.0255693234E-19, 5.0255693234E-19, 0.0000000000E+00
1.67100E+02, 4.9504965720E-19, 4.9504965720E-19, 0.0000000000E+00
1.67200E+02, 4.9320179851E-19, 4.9320179851E-19, 0.0000000000E+00
1.67300E+02, 4.8819871937E-19, 4.8819871937E-19, 0.0000000000E+00
1.67400E+02, 4.9153767205E-19, 4.9153767205E-19, 0.0000000000E+00
1.67500E+02, 4.9171415233E-19, 4.9171415233E-19, 0.0000000000E+00
1.67600E+02, 4.8413915042E-19, 4.8413915042E-19, 0.0000000000E+00
1.67700E+02, 4.9256809020E-19, 4.9256809020E-19, 0.0000000000E+00
1.67800E+02, 4.8856990417E-19, 4.8856990417E-19, 0.0000000000E+00
1.67900E+02, 4.8194415187E-19, 4.8194415187E-19, 0.0000000000E+00
1.68000E+02, 4.8907832786E-19, 4.8907832786E-19, 0.0000000000E+00
1.68100E+02, 4.8618155863E-19, 4.8618155863E-19, 0.0000000000E+00
1.68200E+02, 4.7748879504E-19, 4.7748879504E-19, 0.0000000000E+00
1.68300E+02, 4.7523913912E-19, 4.7523913912E-19, 0.0000000000E+00
1.68400E+02, 4.6353105841E-19, 4.6353105841E-19, 0.0000000000E+00
1.68500E+02, 4.6117181700E-19, 4.6117181700E-19, 0.0000000000E+00
1.68600E+02, 4.5881076297E-19, 4.5881076297E-19, 0.0000000000E+00
1.68700E+02, 4.5852844722E-19, 4.5852844722E-19, 0.0000000000E+00
1.68800E+02, 4.5171768468E-19, 4.5171768468E-19, 0.0000000000E+00
1.68900E+02, 4.4257793831E-19, 4.4257793831E-19, 0.0000000000E+00
1.69000E+02, 4.3681883811E-19, 4.3681883811E-19, 0.0000000000E+00
1.69100E+02, 4.3764361901E-19, 4.3764361901E-19, 0.0000000000E+00
1.69200E+02, 4.4442328126E-19, 4.4442328126E-19, 0.0000000000E+00
1.69300E+02, 4.4374008634E-19, 4.4374008634E-19, 0.0000000000E+00
1.69400E+02, 4.4098301929E-19, 4.4098301929E-19, 0.0000000000E+00
1.69500E+02, 4.3778257836E-19, 4.3778257836E-19, 0.0000000000E+00
1.69600E+02, 4.3422814865E-19, 4.3422814865E-19, 0.0000000000E+00
1.69700E+02, 4.4105315097E-19, 4.4105315097E-19, 0.0000000000E+00
1.69800E+02, 4.3696534407E-19, 4.3696534407E-19, 0.0000000000E+00
1.69900E+02, 4.3455505339E-19, 4.3455505339E-19, 0.0000000000E+00
1.70000E+02, 4.2182732994E-19, 4.2182732994E-19, 0.0000000000E+00
1.70100E+02, 4.1717306021E-19, 4.1717306021E-19, 0.0000000000E+00
1.70200E+02, 4.1486256016E-19, 4.1486256016E-19, 0.0000000000E+00
1.70300E+02, 4.1238447853E-19, 4.1238447853E-19, 0.0000000000E+00
1.70400E+02, 4.0012651932E-19, 4.0012651932E-19, 0.0000000000E+00
1.70500E+02, 4.0304480913E-19, 4.0304480913E-19, 0.0000000000E+00
1.70600E+02, 4.0038703565E-19, 4.0038703565E-19, 0.0000000000E+00
1.70700E+02, 3.9703610964E-19, 3.9703610964E-19, 0.0000000000E+00
1.70800E+02, 3.9395812956E-19, 3.9395812956E-19, 0.0000000000E+00
1.70900E+02, 3.9187752888E-19, 3.9187752888E-19, 0.0000000000E+00
1.71000E+02, 3.9257859455E-19, 3.9257859455E-19, 0.0000000000E+00
1.71100E+02, 3.8855067785E-19, 3.8855067785E-19, 0.0000000000E+00
1.71200E+02, 3.9431869191E-19, 3.9431869191E-19, 0.0000000000E+00
1.71300E+02, 3.8910297194E-19, 3.8910297194E-19, 0.0000000000E+00
1.71400E+02, 3.8937652467E-19, 3.8937652467E-19, 0.0000000000E+00
1.71500E+02, 3.9104551892E-19, 3.9104551892E-19, 0.0000000000E+00
1.71600E+02, 3.8711863682E-19, 3.8711863682E-19, 0.0000000000E+00
1.71700E+02, 3.8013325788E-19, 3.8013325788E-19, 0.0000000000E+00
1.71800E+02, 3.7437542811E-19, 3.7437542811E-19, 0.0000000000E+00
1.71900E+02, 3.6758374848E-19, 3.6758374848E-19, 0.0000000000E+00
1.72000E+02, 3.5921674329E-19, 3.5921674329E-19, 0.0000000000E+00
1.72100E+02, 3.6267701041E-19, 3.6267701041E-19, 0.0000000000E+00
1.72200E+02, 3.5934383082E-19, 3.5934383082E-19, 0.0000000000E+00
1.72300E+02, 3.5508589572E-19, 3.5508589572E-19, 0.0000000000E+00
1.72400E+02, 3.5208570811E-19, 3.5208570811E-19, 0.0000000000E+00
1.72500E+02, 3.4940240728E-19, 3.4940240728E-19, 0.0000000000E+00
1.72600E+02, 3.5085670689E-19, 3.5085670689E-19, 0.0000000000E+00
1.72700E+02, 3.4502660816E-19, 3.4502660816E-19, 0.0000000000E+00
1.72800E+02, 3.4162777061E-19, 3.4162777061E-19, 0.0000000000E+00
1.72900E+02, 3.4750590999E-19, 3.4750590999E-19, 0.0000000000E+00
1.73000E+02, 3.4820825522E-19, 3.4820825522E-19, 0.0000000000E+00
1.73100E+02, 3.4830023134E-19, 3.4830023134E-19, 0.0000000000E+00
1.73200E+02, 3.4317392747E-19, 3.4317392747E-19, 0.0000000000E+00
1.73300E+02, 3.3909213954E-19, 3.3909213954E-19, 0.0000000000E+00
1.73400E+02, 3.3927600484E-19, 3.3927600484E-19, 0.0000000000E+00
1.73500E+02, 3.3478318511E-19, 3.3478318511E-19, 0.0000000000E+00
1.73600E+02, 3.2893530450E-19, 3.2893530450E-19, 0.0000000000E+00
1.73700E+02, 3.2816057636E-19, 3.2816057636E-19, 0.0000000000E+00
1.73800E+02, 3.1943252635E-19, 3.1943252635E-19, 0.0000000000E+00
1.73900E+02, 3.1301161965E-19, 3.1301161965E-19, 0.0000000000E+00
1.74000E+02, 3.1048781974E-19, 3.1048781974E-19, 0.0000000000E+00
1.74100E+02, 3.1308220302E-19, 3.1308220302E-19, 0.0000000000E+00
1.74200E+02, 3.0899530950E-19, 3.0899530950E-19, 0.0000000000E+00
1.74300E+02, 3.0668977808E-19, 3.0668977808E-19, 0.0000000000E+00
1.74400E+02, 3.0585327687E-19, 3.0585327687E-19, 0.0000000000E+00
1.74500E+02, 3.0653120684E-19, 3.0653120684E-19, 0.0000000000E+00
1.74600E+02, 3.0056707386E-19, 3.0056707386E-19, 0.0000000000E+00
1.74700E+02, 3.0432163444E-19, 3.0432163444E-19, 0.0000000000E+00
1.74800E+02, 3.0433343734E-19, 3.0433343734E-19, 0.0000000000E+00
1.74900E+02, 3.0350516995E-19, 3.0350516995E-19, 0.0000000000E+00
1.75000E+02, 3.0105085945E-19, 3.0105085945E-19, 0.0000000000E+00
1.75100E+02, 2.9525265544E-19, 2.9525265544E-19, 0.0000000000E+00
1.75200E+02, 2.9413019234E-19, 2.9413019234E-19, 0.0000000000E+00
1.75300E+02, 2.9211267087E-19, 2.9211267087E-19, 0.0000000000E+00
1.75400E+02, 2.8949981257E-19, 2.8949981257E-19, 0.0000000000E+00
1.75500E+02, 2.8582293663E-19, 2.8582293663E-19, 0.0000000000E+00
1.75600E+02, 2.7889707462E-19, 2.7889707462E-19, 0.0000000000E+00
1.75700E+02, 2.7250666955E-19, 2.7250666955E-19, 0.0000000000E+00
1.75800E+02, 2.7177965501E-19, 2.7177965501E-19, 0.0000000000E+00
1.75900E+02, 2.7376110271E-19, 2.7376110271E-19, 0.0000000000E+00
1.76000E+02, 2.6821149559E-19, 2.6821149559E-19, 0.0000000000E+00
1.76100E+02, 2.6545340806E-19, 2.6545340806E-19, 0.0000000000E+00
1.76200E+02, 2.6609999717E-19, 2.6609999717E-19, 0.0000000000E+00
1.76300E+02, 2.6215727857E-19, 2.6215727857E-19, 0.0000000000E+00
1.76400E+02, 2.6686931568E-19, 2.6686931568E-19, 0.0000000000E+00
1.76500E+02, 2.6702964757E-19, 2.6702964757E-19, 0.0000000000E+00
1.76600E+02, 2.6307520904E-19, 2.6307520904E-19, 0.0000000000E+00
1.76700E+02, 2.5741376428E-19, 2.5741376428E-19, 0.0000000000E+00
1.76800E+02, 2.6138380802E-19, 2.6138380802E-19, 0.0000000000E+00
1.76900E+02, 2.6115841580E-19, 2.6115841580E-19, 0.0000000000E+00
1.77000E+02, 2.5707710866E-19, 2.5707710866E-19, 0.0000000000E+00
1.77100E+02, 2.4951417864E-19, 2.4951417864E-19, 0.0000000000E+00
1.77200E+02, 2.4583302147E-19, 2.4583302147E-19, 0.0000000000E+00
1.77300E+02, 2.4599366441E-19, 2.4599366441E-19, 0.0000000000E+00
1.77400E+02, 2.4798881264E-19, 2.4798881264E-19, 0.0000000000E+00
1.77500E+02, 2.4299290993E-19, 2.4299290993E-19, 0.0000000000E+00
1.77600E+02, 2.3818138991E-19, 2.3818138991E-19, 0.0000000000E+00
1.77700E+02, 2.3382825088E-19, 2.3382825088E-19, 0.0000000000E+00
1.77800E+02, 2.2738208298E-19, 2.2738208298E-19, 0.0000000000E+00
1.77900E+02, 2.2993497001E-19, 2.2993497001E-19, 0.0000000000E+00
1.78000E+02, 2.3035773289E-19, 2.3035773289E-19, 0.0000000000E+00
1.78100E+02, 2.2910150118E-19, 2.2910150118E-19, 0.0000000000E+00
1.78200E+02, 2.2780511153E-19, 2.2780511153E-19, 0.0000000000E+00
1.78300E+02, 2.2757153537E-19, 2.2757153537E-19, 0.0000000000E+00
1.78400E+02, 2.2558053155E-19, 2.2558053155E-19, 0.0000000000E+00
1.78500E+02, 2.2769349966E-19, 2.2769349966E-19, 0.0000000000E+00
1.78600E+02, 2.2586894918E-19, 2.2586894918E-19, 0.0000000000E+00
1.78700E+02, 2.2201988892E-19, 2.2201988892E-19, 0.0000000000E+00
1.78800E+02, 2.1876484073E-19, 2.1876484073E-19, 0.0000000000E+00
1.78900E+02, 2.1825729917E-19, 2.1825729917E-19, 0.0000000000E+00
1.79000E+02, 2.1736375485E-19, 2.1736375485E-19, 0.0000000000E+00
1.79100E+02, 2.1261707803E-19, 2.1261707803E-19, 0.0000000000E+00
1.79200E+02, 2.0904167753E-19, 2.0904167753E-19, 0.0000000000E+00
1.79300E+02, 2.0496570903E-19, 2.0496570903E-19, 0.0000000000E+00
1.79400E+02, 2.0764733008E-19, 2.0764733008E-19, 0.0000000000E+00
1.79500E+02, 2.0450826750E-19, 2.0450826750E-19, 0.0000000000E+00
1.79600E+02, 1.9726067908E-19, 1.9726067908E-19, 0.0000000000E+00
1.79700E+02, 1.9667922526E-19, 1.9667922526E-19, 0.0000000000E+00
1.79800E+02, 1.9528555860E-19, 1.9528555860E-19, 0.0000000000E+00
1.79900E+02, 1.9344227339E-19, 1.9344227339E-19, 0.0000000000E+00
1.80000E+02, 1.9528247564E-19, 1.9528247564E-19, 0.0000000000E+00
1.80100E+02, 1.9514408275E-19, 1.9514408275E-19, 0.0000000000E+00
1.80200E+02, 1.9162410183E-19, 1.9162410183E-19, 0.0000000000E+00
1.80300E+02, 1.8985020935E-19, 1.8985020935E-19, 0.0000000000E+00
1.80400E+02, 1.9137011915E-19, 1.9137011915E-19, 0.0000000000E+00
1.80500E+02, 1.9228098405E-19, 1.9228098405E-19, 0.0000000000E+00
1.80600E+02, 1.9042408720E-19, 1.9042408720E-19, 0.0000000000E+00
1.80700E+02, 1.8671777225E-19, 1.8671777225E-19, 0.0000000000E+00
1.80800E+02, 1.8220333586E-19, 1.8220333586E-19, 0.0000000000E+00
1.80900E+02, 1.8109988913E-19, 1.8109988913E-19, 0.0000000000E+00
1.81000E+02, 1.8035215162E-19, 1.8035215162E-19, 0.0000000000E+00
1.81100E+02, 1.7928146283E-19, 1.7928146283E-19, 0.0000000000E+00
1.81200E+02, 1.7686650231E-19, 1.7686650231E-19, 0.0000000000E+00
1.81300E+02, 1.7291654979E-19, 1.7291654979E-19, 0.0000000000E+00
1.81400E+02, 1.7022439714E-19, 1.7022439714E-19, 0.0000000000E+00
1.81500E+02, 1.6993091054E-19, 1.6993091054E-19, 0.0000000000E+00
1.81600E+02, 1.7007570976E-19, 1.7007570976E-19, 0.0000000000E+00
1.81700E+02, 1.6697423242E-19, 1.6697423242E-19, 0.0000000000E+00
1.81800E+02, 1.6527752627E-19, 1.6527752627E-19, 0.0000000000E+00
1.81900E+02, 1.6320631092E-19, 1.6320631092E-19, 0.0000000000E+00
1.82000E+02, 1.6239468606E-19, 1.6239468606E-19, 0.0000000000E+00
1.82100E+02, 1.6362893587E-19, 1.6362893587E-19, 0.0000000000E+00
1.82200E+02, 1.6424367117E-19, 1.6424367117E-19, 0.0000000000E+00
1.82300E+02, 1.6359726343E-19, 1.6359726343E-19, 0.0000000000E+00
1.82400E+02, 1.6249247329E-19, 1.6249247329E-19, 0.0000000000E+00
1.82500E+02, 1.5888014820E-19, 1.5888014820E-19, 0.0000000000E+00
1.82600E+02, 1.5690861215E-19, 1.5690861215E-19, 0.0000000000E+00
1.82700E+02, 1.5857108724E-19, 1.5857108724E-19, 0.0000000000E+00
1.82800E+02, 1.5699216393E-19, 1.5699216393E-19, 0.0000000000E+00
1.82900E+02, 1.5499732643E-19, 1.5499732643E-19, 0.0000000000E+00
1.83000E+02, 1.5269576973E-19, 1.5269576973E-19, 0.0000000000E+00
1.83100E+02, 1.5022114107E-19, 1.5022114107E-19, 0.0000000000E+00
1.83200E+02, 1.4852624227E-19, 1.4852624227E-19, 0.0000000000E+00
1.83300E+02, 1.4949531408E-19, 1.4949531408E-19, 0.0000000000E+00
1.83400E+02, 1.4711602647E-19, 1.4711602647E-19, 0.0000000000E+00
1.83500E+02, 1.4173970987E-19, 1.4173970987E-19, 0.0000000000E+00
1.83600E+02, 1.4042286318E-19, 1.4042286318E-19, 0.0000000000E+00
1.83700E+02, 1.4006977305E-19, 1.4006977305E-19, 0.0000000000E+00
1.83800E+02, 1.4077205265E-19, 1.4077205265E-19, 0.0000000000E+00
1.83900E+02, 1.4021306262E-19, 1.4021306262E-19, 0.0000000000E+00
1.84000E+02, 1.3781048554E-19, 1.3781048554E-19, 0.0000000000E+00
1.84100E+02, 1.3496626187E-19, 1.3496626187E-19, 0.0000000000E+00
1.84200E+02, 1.3488098446E-19, 1.3488098446E-19, 0.0000000000E+00
1.84300E+02, 1.3480608783E-19, 1.3480608783E-19, 0.0000000000E+00
1.84400E+02, 1.3470021161E-19, 1.3470021161E-19, 0.0000000000E+00
1.84500E+02, 1.3376733027E-19, 1.3376733027E-19, 0.0000000000E+00
1.84600E+02, 1.3323383887E-19, 1.3323383887E-19, 0.0000000000E+00
1.84700E+02, 1.3138945987E-19, 1.3138945987E-19, 0.0000000000E+00
1.84800E+02, 1.3021217764E-19, 1.3021217764E-19, 0.0000000000E+00
1.84900E+02, 1.3073889543E-19, 1.3073889543E-19, 0.0000000000E+00
1.85000E+02, 1.2714795031E-19, 1.2714795031E-19, 0.0000000000E+00
1.85100E+02, 1.2610575894E-19, 1.2610575894E-19, 0.0000000000E+00
1.85200E+02, 1.2370095139E-19, 1.2370095139E-19, 0.0000000000E+00
1.85300E+02, 1.2270781087E-19, 1.2270781087E-19, 0.0000000000E+00
1.85400E+02, 1.2173180857E-19, 1.2173180857E-19, 0.0000000000E+00
1.85500E+02, 1.1952781893E-19, 1.1952781893E-19, 0.0000000000E+00
1.85600E+02, 1.1893691533E-19, 1.1893691533E-19, 0.0000000000E+00
1.85700E+02, 1.1618404915E-19, 1.1618404915E-19, 0.0000000000E+00
1.85800E+02, 1.1477745958E-19, 1.1477745958E-19, 0.0000000000E+00
1.85900E+02, 1.1524848227E-19, 1.1524848227E-19, 0.0000000000E+00
1.86000E+02, 1.1537919339E-19, 1.1537919339E-19, 0.0000000000E+00
1.86100E+02, 1.1458950299E-19, 1.1458950299E-19, 0.0000000000E+00
1.86200E+02, 1.1392554234E-19, 1.1392554234E-19, 0.0000000000E+00
1.86300E+02, 1.1157064522E-19, 1.1157064522E-19, 0.0000000000E+00
1.86400E+02, 1.1195690541E-19, 1.1195690541E-19, 0.0000000000E+00
1.86500E+02, 1.1186216374E-19, 1.1186216374E-19, 0.0000000000E+00
1.86600E+02, 1.0964043542E-19, 1.0964043542E-19, 0.0000000000E+00
1.86700E+02, 1.0928239853E-19, 1.0928239853E-19, 0.0000000000E+00
1.86800E+02, 1.0755668296E-19, 1.0755668296E-19, 0.0000000000E+00
1.86900E+02, 1.0630303934E-19, 1.0630303934E-19, 0.0000000000E+00
1.87000E+02, 1.0523296588E-19, 1.0523296588E-19, 0.0000000000E+00
1.87100E+02, 1.0696744250E-19, 1.0696744250E-19, 0.0000000000E+00
1.87200E+02, 1.0372184130E-19, 1.0372184130E-19, 0.0000000000E+00
1.87300E+02, 1.0278954491E-19, 1.0278954491E-19, 0.0000000000E+00
1.87400E+02, 1.0087785323E-19, 1.0087785323E-19, 0.0000000000E+00
1.87500E+02, 9.9339241057E-20, 9.9339241057E-20, 0.0000000000E+00
1.87600E+02, 9.8730507432E-20, 9.8730507432E-20, 0.0000000000E+00
1.87700E+02, 9.7822102805E-20, 9.7822102805E-20, 0.0000000000E+00
1.87800E+02, 9.5822669910E-20, 9.5822669910E-20, 0.0000000000E+00
1.87900E+02, 9.5141886286E-20, 9.5141886286E-20, 0.0000000000E+00
1.88000E+02, 9.4080003535E-20, 9.4080003535E-20, 0.0000000000E+00
1.88100E+02, 9.3850766412E-20, 9.3850766412E-20, 0.0000000000E+00
1.88200E+02, 9.4826005526E-20, 9.4826005526E-20, 0.0000000000E+00
1.88300E+02, 9.3721950219E-20, 9.3721950219E-20, 0.0000000000E+00
1.88400E+02, 9.3026003287E-20, 9.3026003287E-20, 0.0000000000E+00
1.88500E+02, 9.2261988565E-20, 9.2261988565E-20, 0.0000000000E+00
1.88600E+02, 8.9622031018E-20, 8.9622031018E-20, 0.0000000000E+00
1.88700E+02, 8.9812328944E-20, 8.9812328944E-20, 0.0000000000E+00
1.88800E+02, 9.0574425614E-20, 9.0574425614E-20, 0.0000000000E+00
1.88900E+02, 8.9204487262E-20, 8.9204487262E-20, 0.0000000000E+00
1.89000E+02, 8.7906675569E-20, 8.7906675569E-20, 0.0000000000E+00
1.89100E+02, 8.7204561379E-20, 8.7204561379E-20, 0.0000000000E+00
1.89200E+02, 8.5430856302E-20, 8.5430856302E-20, 0.0000000000E+00
1.89300E+02, 8.4133875244E-20, 8.4133875244E-20, 0.0000000000E+00
1.89400E+02, 8.3152898315E-20, 8.3152898315E-20, 0.0000000000E+00
1.89500E+02, 8.3208005101E-20, 8.3208005101E-20, 0.0000000000E+00
1.89600E+02, 8.2024907989E-20, 8.2024907989E-20, 0.0000000000E+00
1.89700E+02, 8.1177320656E-20, 8.1177320656E-20, 0.0000000000E+00
1.89800E+02, 7.9237221201E-20, 7.9237221201E-20, 0.0000000000E+00
1.89900E+02, 7.9575532826E-20, 7.9575532826E-20, 0.0000000000E+00
1.90000E+02, 7.9327935263E-20, 7.9327935263E-20, 0.0000000000E+00
1.90100E+02, 7.8559071007E-20, 7.8559071007E-20, 0.0000000000E+00
1.90200E+02, 7.6580401091E-20, 7.6580401091E-20, 0.0000000000E+00
1.90300E+02, 7.5383717002E-20, 7.5383717002E-20, 0.0000000000E+00
1.90400E+02, 7.6050706201E-20, 7.6050706201E-20, 0.0000000000E+00
1.90500E+02, 7.5350406727E-20, 7.5350406727E-20, 0.0000000000E+00
1.90600E+02, 7.4477810727E-20, 7.4477810727E-20, 0.0000000000E+00
1.90700E+02, 7.4559981395E-20, 7.4559981395E-20, 0.0000000000E+00
1.90800E+02, 7.3250018144E-20, 7.3250018144E-20, 0.0000000000E+00
1.90900E+02, 7.3057458960E-20, 7.3057458960E-20, 0.0000000000E+00
1.91000E+02, 7.3230774728E-20, 7.3230774728E-20, 0.0000000000E+00
1.91100E+02, 7.1994987438E-20, 7.1994987438E-20, 0.0000000000E+00
1.91200E+02, 7.1096293022E-20, 7.1096293022E-20, 0.0000000000E+00
1.91300E+02, 7.0310486263E-20, 7.0310486263E-20, 0.0000000000E+00
1.91400E+02, 6.9043834030E-20, 6.9043834030E-20, 0.0000000000E+00
1.91500E+02, 6.8968827101E-20, 6.8968827101E-20, 0.0000000000E+00
1.91600E+02, 6.8136303917E-20, 6.8136303917E-20, 0.0000000000E+00
1.91700E+02, 6.6239838505E-20, 6.6239838505E-20, 0.0000000000E+00
1.91800E+02, 6.6123301326E-20, 6.6123301326E-20, 0.0000000000E+00
1.91900E+02, 6.5528319014E-20, 6.5528319014E-20, 0.0000000000E+00
1.92000E+02, 6.5046607638E-20, 6.5046607638E-20, 0.0000000000E+00
1.92100E+02, 6.3966980694E-20, 6.3966980694E-20, 0.0000000000E+00
1.92200E+02, 6.3343691784E-20, 6.3343691784E-20, 0.0000000000E+00
1.92300E+02, 6.2344612901E-20, 6.2344612901E-20, 0.0000000000E+00
1.92400E+02, 6.2178423201E-20, 6.2178423201E-20, 0.0000000000E+00
1.92500E+02, 6.1934852827E-20, 6.1934852827E-20, 0.0000000000E+00
1.92600E+02, 6.1424584052E-20, 6.1424584052E-20, 0.0000000000E+00
1.92700E+02, 6.1165760000E-20, 6.1165760000E-20, 0.0000000000E+00
1.92800E+02, 6.0005095488E-20, 6.0005095488E-20, 0.0000000000E+00
1.92900E+02, 6.0048285210E-20, 6.0048285210E-20, 0.0000000000E+00
1.93000E+02, 5.9373420810E-20, 5.9373420810E-20, 0.0000000000E+00
1.93100E+02, 5.8241709364E-20, 5.8241709364E-20, 0.0000000000E+00
1.93200E+02, 5.8091796164E-20, 5.8091796164E-20, 0.0000000000E+00
1.93300E+02, 5.7978633912E-20, 5.7978633912E-20, 0.0000000000E+00
1.93400E+02, 5.7173873340E-20, 5.7173873340E-20, 0.0000000000E+00
1.93500E+02, 5.6198056680E-20, 5.6198056680E-20, 0.0000000000E+00
1.93600E+02, 5.5524262693E-20, 5.5524262693E-20, 0.0000000000E+00
1.93700E+02, 5.5609990981E-20, 5.5609990981E-20, 0.0000000000E+00
1.93800E+02, 5.4388858021E-20, 5.4388858021E-20, 0.0000000000E+00
1.93900E+02, 5.4006508210E-20, 5.4006508210E-20, 0.0000000000E+00
1.94000E+02, 5.3957094424E-20, 5.3957094424E-20, 0.0000000000E+00
1.94100E+02, 5.2644289941E-20, 5.2644289941E-20, 0.0000000000E+00
1.94200E+02, 5.2002187269E-20, 5.2002187269E-20, 0.0000000000E+00
1.94300E+02, 5.0875386002E-20, 5.0875386002E-20, 0.0000000000E+00
1.94400E+02, 5.1339101050E-20, 5.1339101050E-20, 0.0000000000E+00
1.94500E+02, 5.0532031166E-20, 5.0532031166E-20, 0.0000000000E+00
1.94600E+02, 5.0252314809E-20, 5.0252314809E-20, 0.0000000000E+00
1.94700E+02, 4.9525830951E-20, 4.9525830951E-20, 0.0000000000E+00
1.94800E+02, 4.8852502729E-20, 4.8852502729E-20, 0.0000000000E+00
1.94900E+02, 4.8378871781E-20, 4.8378871781E-20, 0.0000000000E+00
1.95000E+02, 4.8709439296E-20, 4.8709439296E-20, 0.0000000000E+00
1.95100E+02, 4.8635241737E-20, 4.8635241737E-20, 0.0000000000E+00
1.95200E+02, 4.7179851021E-20, 4.7179851021E-20, 0.0000000000E+00
1.95300E+02, 4.7060229097E-20, 4.7060229097E-20, 0.0000000000E+00
1.95400E+02, 4.6522629176E-20, 4.6522629176E-20, 0.0000000000E+00
1.95500E+02, 4.5810830240E-20, 4.5810830240E-20, 0.0000000000E+00
1.95600E+02, 4.5770124362E-20, 4.5770124362E-20, 0.0000000000E+00
1.95700E+02, 4.5414006256E-20, 4.5414006256E-20, 0.0000000000E+00
1.95800E+02, 4.4799676005E-20, 4.4799676005E-20, 0.0000000000E+00
1.95900E+02, 4.4462228836E-20, 4.4462228836E-20, 0.0000000000E+00
1.96000E+02, 4.3616309586E-20, 4.3616309586E-20, 0.0000000000E+00
1.96100E+02, 4.3226681448E-20, 4.3226681448E-20, 0.0000000000E+00
1.96200E+02, 4.3205725916E-20, 4.3205725916E-20, 0.0000000000E+00
1.96300E+02, 4.2402840260E-20, 4.2402840260E-20, 0.0000000000E+00
1.96400E+02, 4.1942614229E-20, 4.1942614229E-20, 0.0000000000E+00
1.96500E+02, 4.2233536915E-20, 4.2233536915E-20, 0.0000000000E+00
1.96600E+02, 4.0502361566E-20, 4.0502361566E-20, 0.0000000000E+00
1.96700E+02, 3.9873677863E-20, 3.9873677863E-20, 0.0000000000E+00
1.96800E+02, 4.0210301617E-20, 4.0210301617E-20, 0.0000000000E+00
1.96900E+02, 3.9148643016E-20, 3.9148643016E-20, 0.0000000000E+00
1.97000E+02, 3.9437177446E-20, 3.9437177446E-20, 0.0000000000E+00
1.97100E+02, 3.9353030977E-20, 3.9353030977E-20, 0.0000000000E+00
1.97200E+02, 3.8564587438E-20, 3.8564587438E-20, 0.0000000000E+00
1.97300E+02, 3.8121085577E-20, 3.8121085577E-20, 0.0000000000E+00
1.97400E+02, 3.7800976142E-20, 3.7800976142E-20, 0.0000000000E+00
1.97500E+02, 3.7944638790E-20, 3.7944638790E-20, 0.0000000000E+00
1.97600E+02, 3.7344203755E-20, 3.7344203755E-20, 0.0000000000E+00
1.97700E+02, 3.6358000846E-20, 3.6358000846E-20, 0.0000000000E+00
1.97800E+02, 3.6100341404E-20, 3.6100341404E-20, 0.0000000000E+00
1.97900E+02, 3.5837706892E-20, 3.5837706892E-20, 0.0000000000E+00
1.98000E+02, 3.5858946014E-20, 3.5858946014E-20, 0.0000000000E+00
1.98100E+02, 3.5391154889E-20, 3.5391154889E-20, 0.0000000000E+00
1.98200E+02, 3.5046564675E-20, 3.5046564675E-20, 0.0000000000E+00
1.98300E+02, 3.4265110359E-20, 3.4265110359E-20, 0.0000000000E+00
1.98400E+02, 3.3832037839E-20, 3.3832037839E-20, 0.0000000000E+00
1.98500E+02, 3.3602625404E-20, 3.3602625404E-20, 0.0000000000E+00
1.98600E+02, 3.3160255765E-20, 3.3160255765E-20, 0.0000000000E+00
1.98700E+02, 3.3216780437E-20, 3.3216780437E-20, 0.0000000000E+00
1.98800E+02, 3.2463509071E-20, 3.2463509071E-20, 0.0000000000E+00
1.98900E+02, 3.2255184205E-20, 3.2255184205E-20, 0.0000000000E+00
1.99000E+02, 3.1990551820E-20, 3.1990551820E-20, 0.0000000000E+00
1.99100E+02, 3.1398103250E-20, 3.1398103250E-20, 0.0000000000E+00
1.99200E+02, 3.1075350684E-20, 3.1075350684E-20, 0.0000000000E+00
1.99300E+02, 3.1015763251E-20, 3.1015763251E-20, 0.0000000000E+00
1.99400E+02, 3.0627928167E-20, 3.0627928167E-20, 0.0000000000E+00
1.99500E+02, 3.0299529588E-20, 3.0299529588E-20, 0.0000000000E+00
1.99600E+02, 2.9780023568E-20, 2.9780023568E-20, 0.0000000000E+00
1.99700E+02, 2.9366891920E-20, 2.9366891920E-20, 0.0000000000E+00
1.99800E+02, 2.9693420712E-20, 2.9693420712E-20, 0.0000000000E+00
1.99900E+02, 2.9206564339E-20, 2.9206564339E-20, 0.0000000000E+00
2.00000E+02, 2.8678761631E-20, 2.8678761631E-20, 0.0000000000E+00
2.00100E+02, 2.8703285174E-20, 2.8703285174E-20, 0.0000000000E+00
2.00200E+02, 2.8668184509E-20, 2.8668184509E-20, 0.0000000000E+00
2.00300E+02, 2.8127650736E-20, 2.8127650736E-20, 0.0000000000E+00
2.00400E+02, 2.7922697043E-20, 2.7922697043E-20, 0.0000000000E+00
2.00500E+02, 2.8151825107E-20, 2.8151825107E-20, 0.0000000000E+00
2.00600E+02, 2.7886829694E-20, 2.7886829694E-20, 0.0000000000E+00
2.00700E+02, 2.7812562251E-20, 2.7812562251E-20, 0.0000000000E+00
2.00800E+02, 2.7353123843E-20, 2.7353123843E-20, 0.0000000000E+00
2.00900E+02, 2.6540210486E-20, 2.6540210486E-20, 0.0000000000E+00
2.01000E+02, 2.6403762789E-20, 2.6403762789E-20, 0.0000000000E+00
2.01100E+02, 2.6033952074E-20, 2.6033952074E-20, 0.0000000000E+00
2.01200E+02, 2.6053089033E-20, 2.6053089033E-20, 0.0000000000E+00
2.01300E+02, 2.5971591561E-20, 2.5971591561E-20, 0.0000000000E+00
2.01400E+02, 2.5880599839E-20, 2.5880599839E-20, 0.0000000000E+00
2.01500E+02, 2.6160642727E-20, 2.6160642727E-20, 0.0000000000E+00
2.01600E+02, 2.5867446296E-20, 2.5867446296E-20, 0.0000000000E+00
2.01700E+02, 2.5297447252E-20, 2.5297447252E-20, 0.0000000000E+00
2.01800E+02, 2.4635090253E-20, 2.4635090253E-20, 0.0000000000E+00
2.01900E+02, 2.4848358909E-20, 2.4848358909E-20, 0.0000000000E+00
2.02000E+02, 2.4815856317E-20, 2.4815856317E-20, 0.0000000000E+00
2.02100E+02, 2.4065630653E-20, 2.4065630653E-20, 0.0000000000E+00
2.02200E+02, 2.4050127647E-20, 2.4050127647E-20, 0.0000000000E+00
2.02300E+02, 2.3884794961E-20, 2.3884794961E-20, 0.0000000000E+00
2.02400E+02, 2.3380350837E-20, 2.3380350837E-20, 0.0000000000E+00
2.02500E+02, 2.3227145203E-20, 2.3227145203E-20, 0.0000000000E+00
2.02600E+02, 2.3257071421E-20, 2.3257071421E-20, 0.0000000000E+00
2.02700E+02, 2.2414990624E-20, 2.2414990624E-20, 0.0000000000E+00
2.02800E+02, 2.2892154864E-20, 2.2892154864E-20, 0.0000000000E+00
2.02900E+02, 2.2807194991E-20, 2.2807194991E-20, 0.0000000000E+00
2.03000E+02, 2.2750021202E-20, 2.2750021202E-20, 0.0000000000E+00
2.03100E+02, 2.2117478187E-20, 2.2117478187E-20, 0.0000000000E+00
2.03200E+02, 2.2117145563E-20, 2.2117145563E-20, 0.0000000000E+00
2.03300E+02, 2.1299321689E-20, 2.1299321689E-20, 0.0000000000E+00
2.03400E+02, 2.1182554644E-20, 2.1182554644E-20, 0.0000000000E+00
2.03500E+02, 2.0812282309E-20, 2.0812282309E-20, 0.0000000000E+00
2.03600E+02, 2.0610724025E-20, 2.0610724025E-20, 0.0000000000E+00
2.03700E+02, 2.0627375779E-20, 2.0627375779E-20, 0.0000000000E+00
2.03800E+02, 2.0098259892E-20, 2.0098259892E-20, 0.0000000000E+00
2.03900E+02, 2.0667902140E-20, 2.0667902140E-20, 0.0000000000E+00
2.04000E+02, 2.0069302879E-20, 2.0069302879E-20, 0.0000000000E+00
2.04100E+02, 2.0039604596E-20, 2.0039604596E-20, 0.0000000000E+00
2.04200E+02, 1.9476190095E-20, 1.9476190095E-20, 0.0000000000E+00
2.04300E+02, 1.9800722929E-20, 1.9800722929E-20, 0.0000000000E+00
2.04400E+02, 1.9411280357E-20, 1.9411280357E-20, 0.0000000000E+00
2.04500E+02, 1.9272901907E-20, 1.9272901907E-20, 0.0000000000E+00
2.04600E+02, 1.8735500251E-20, 1.8735500251E-20, 0.0000000000E+00
2.04700E+02, 1.8545258852E-20, 1.8545258852E-20, 0.0000000000E+00
2.04800E+02, 1.8223509599E-20, 1.8223509599E-20, 0.0000000000E+00
2.04900E+02, 1.8121992124E-20, 1.8121992124E-20, 0.0000000000E+00
2.05000E+02, 1.8070955708E-20, 1.8070955708E-20, 0.0000000000E+00
2.05100E+02, 1.7695698028E-20, 1.7695698028E-20, 0.0000000000E+00
2.05200E+02, 1.7661486465E-20, 1.7661486465E-20, 0.0000000000E+00
2.05300E+02, 1.7567845630E-20, 1.7567845630E-20, 0.0000000000E+00
2.05400E+02, 1.7321661156E-20, 1.7321661156E-20, 0.0000000000E+00
2.05500E+02, 1.7277121580E-20, 1.7277121580E-20, 0.0000000000E+00
2.05600E+02, 1.7187074839E-20, 1.7187074839E-20, 0.0000000000E+00
2.05700E+02, 1.7087011554E-20, 1.7087011554E-20, 0.0000000000E+00
2.05800E+02, 1.6468896909E-20, 1.6468896909E-20, 0.0000000000E+00
2.05900E+02, 1.6595531240E-20, 1.6595531240E-20, 0.0000000000E+00
2.06000E+02, 1.6104863330E-20, 1.6104863330E-20, 0.0000000000E+00
2.06100E+02, 1.5993894667E-20, 1.5993894667E-20, 0.0000000000E+00
2.06200E+02, 1.5715949318E-20, 1.5715949318E-20, 0.0000000000E+00
2.06300E+02, 1.5642791992E-20, 1.5642791992E-20, 0.0000000000E+00
2.06400E+02, 1.5695290388E-20, 1.5695290388E-20, 0.0000000000E+00
2.06500E+02, 1.5664589509E-20, 1.5664589509E-20, 0.0000000000E+00
2.06600E+02, 1.5492340022E-20, 1.5492340022E-20, 0.0000000000E+00
2.06700E+02, 1.5443467250E-20, 1.5443467250E-20, 0.0000000000E+00
2.06800E+02, 1.5236838493E-20, 1.5236838493E-20, 0.0000000000E+00
2.06900E+02, 1.4562098910E-20, 1.4562098910E-20, 0.0000000000E+00
2.07000E+02, 1.4642975469E-20, 1.4642975469E-20, 0.0000000000E+00
2.07100E+02, 1.4428329295E-20, 1.4428329295E-20, 0.0000000000E+00
2.07200E+02, 1.4018914138E-20, 1.4018914138E-20, 0.0000000000E+00
2.07300E+02, 1.3694034706E-20, 1.3694034706E-20, 0.0000000000E+00
2.07400E+02, 1.4095489634E-20, 1.4095489634E-20, 0.0000000000E+00
2.07500E+02, 1.4266377941E-20, 1.4266377941E-20, 0.0000000000E+00
2.07600E+02, 1.3756366986E-20, 1.3756366986E-20, 0.0000000000E+00
2.07700E+02, 1.3794655401E-20, 1.3794655401E-20, 0.0000000000E+00
2.07800E+02, 1.3747060110E-20, 1.3747060110E-20, 0.0000000000E+00
2.07900E+02, 1.3376403980E-20, 1.3376403980E-20, 0.0000000000E+00
2.08000E+02, 1.3223903735E-20, 1.3223903735E-20, 0.0000000000E+00
2.08100E+02, 1.3196626439E-20, 1.3196626439E-20, 0.0000000000E+00
2.08200E+02, 1.3100776036E-20, 1.3100776036E-20, 0.0000000000E+00
2.08300E+02, 1.2707035852E-20, 1.2707035852E-20, 0.0000000000E+00
2.08400E+02, 1.2480203241E-20, 1.2480203241E-20, 0.0000000000E+00
2.08500E+02, 1.2496179269E-20, 1.2496179269E-20, 0.0000000000E+00
2.08600E+02, 1.2342652097E-20, 1.2342652097E-20, 0.0000000000E+00
2.08700E+02, 1.2392748377E-20, 1.2392748377E-20, 0.0000000000E+00
2.08800E+02, 1.2035709991E-20, 1.2035709991E-20, 0.0000000000E+00
2.08900E+02, 1.2244922989E-20, 1.2244922989E-20, 0.0000000000E+00
2.09000E+02, 1.1717260045E-20, 1.1717260045E-20, 0.0000000000E+00
2.09100E+02, 1.1922792152E-20, 1.1922792152E-20, 0.0000000000E+00
2.09200E+02, 1.1770775417E-20, 1.1770775417E-20, 0.0000000000E+00
2.09300E+02, 1.1930818491E-20, 1.1930818491E-20, 0.0000000000E+00
2.09400E+02, 1.1441001067E-20, 1.1441001067E-20, 0.0000000000E+00
2.09500E+02, 1.1251770126E-20, 1.1251770126E-20, 0.0000000000E+00
2.09600E+02, 1.0922273769E-20, 1.0922273769E-20, 0.0000000000E+00
2.09700E+02, 1.1004259239E-20, 1.1004259239E-20, 0.0000000000E+00
2.09800E+02, 1.1156029909E-20, 1.1156029909E-20, 0.0000000000E+00
2.09900E+02, 1.1007613701E-20, 1.1007613701E-20, 0.0000000000E+00
2.10000E+02, 1.0938453235E-20, 1.0938453235E-20, 0.0000000000E+00
2.10100E+02, 1.0902411081E-20, 1.0902411081E-20, 0.0000000000E+00
2.10200E+02, 1.0647255106E-20, 1.0647255106E-20, 0.0000000000E+00
2.10300E+02, 1.0208000688E-20, 1.0208000688E-20, 0.0000000000E+00
2.10400E+02, 1.0482264042E-20, 1.0482264042E-20, 0.0000000000E+00
2.10500E+02, 1.0222029152E-20, 1.0222029152E-20, 0.0000000000E+00
2.10600E+02, 1.0300505245E-20, 1.0300505245E-20, 0.0000000000E+00
2.10700E+02, 9.9818816312E-21, 9.9818816312E-21, 0.0000000000E+00
2.10800E+02, 9.8231649164E-21, 9.8231649164E-21, 0.0000000000E+00
2.10900E+02, 9.9541734953E-21, 9.9541734953E-21, 0.0000000000E+00
2.11000E+02, 9.5105929113E-21, 9.5105929113E-21, 0.0000000000E+00
2.11100E+02, 9.3842078864E-21, 9.3842078864E-21, 0.0000000000E+00
2.11200E+02, 9.2951312351E-21, 9.2951312351E-21, 0.0000000000E+00
2.11300E+02, 9.4540225300E-21, 9.4540225300E-21, 0.0000000000E+00
2.11400E+02, 9.2184914964E-21, 9.2184914964E-21, 0.0000000000E+00
2.11500E+02, 9.2223960298E-21, 9.2223960298E-21, 0.0000000000E+00
2.11600E+02, 9.2993151017E-21, 9.2993151017E-21, 0.0000000000E+00
2.11700E+02, 9.1106482072E-21, 9.1106482072E-21, 0.0000000000E+00
2.11800E+02, 9.0130854615E-21, 9.0130854615E-21, 0.0000000000E+00
2.11900E+02, 9.0859352387E-21, 9.0859352387E-21, 0.0000000000E+00
2.12000E+02, 8.8544202871E-21, 8.8544202871E-21, 0.0000000000E+00
2.12100E+02, 8.6621643190E-21, 8.6621643190E-21, 0.0000000000E+00
2.12200E+02, 8.4779560369E-21, 8.4779560369E-21, 0.0000000000E+00
2.12300E+02, 8.3308696474E-21, 8.3308696474E-21, 0.0000000000E+00
2.12400E+02, 8.3124607078E-21, 8.3124607078E-21, 0.0000000000E+00
2.12500E+02, 8.3843608433E-21, 8.3843608433E-21, 0.0000000000E+00
2.12600E+02, 8.3769414145E-21, 8.3769414145E-21, 0.0000000000E+00
2.12700E+02, 8.1349560632E-21, 8.1349560632E-21, 0.0000000000E+00
2.12800E+02, 8.1951909433E-21, 8.1951909433E-21, 0.0000000000E+00
2.12900E+02, 8.1784904293E-21, 8.1784904293E-21, 0.0000000000E+00
2.13000E+02, 7.7730645893E-21, 7.7730645893E-21, 0.0000000000E+00
2.13100E+02, 7.6433510906E-21, 7.6433510906E-21, 0.0000000000E+00
2.13200E+02, 7.5382580350E-21, 7.5382580350E-21, 0.0000000000E+00
2.13300E+02, 7.5315983234E-21, 7.5315983234E-21, 0.0000000000E+00
2.13400E+02, 7.3862459138E-21, 7.3862459138E-21, 0.0000000000E+00
2.13500E+02, 7.6047576699E-21, 7.6047576699E-21, 0.0000000000E+00
2.13600E+02, 7.3314104713E-21, 7.3314104713E-21, 0.0000000000E+00
2.13700E+02, 7.3437375962E-21, 7.3437375962E-21, 0.0000000000E+00
2.13800E+02, 7.0208055278E-21, 7.0208055278E-21, 0.0000000000E+00
2.13900E+02, 7.3425120541E-21, 7.3425120541E-21, 0.0000000000E+00
2.14000E+02, 7.0992349708E-21, 7.0992349708E-21, 0.0000000000E+00
2.14100E+02, 7.1310137926E-21, 7.1310137926E-21, 0.0000000000E+00
2.14200E+02, 7.1000037845E-21, 7.1000037845E-21, 0.0000000000E+00
2.14300E+02, 6.9373419292E-21, 6.9373419292E-21, 0.0000000000E+00
2.14400E+02, 6.9695142805E-21, 6.9695142805E-21, 0.0000000000E+00
2.14500E+02, 6.6634808672E-21, 6.6634808672E-21, 0.0000000000E+00
2.14600E+02, 6.7561333221E-21, 6.7561333221E-21, 0.0000000000E+00
2.14700E+02, 6.5740512486E-21, 6.5740512486E-21, 0.0000000000E+00
2.14800E+02, 6.5631665963E-21, 6.5631665963E-21, 0.0000000000E+00
2.14900E+02, 6.4371775635E-21, 6.4371775635E-21, 0.0000000000E+00
2.15000E+02, 6.1948610530E-21, 6.1948610530E-21, 0.0000000000E+00
2.15100E+02, 6.3197043086E-21, 6.3197043086E-21, 0.0000000000E+00
2.15200E+02, 6.3049219630E-21, 6.3049219630E-21, 0.0000000000E+00
2.15300E+02, 6.1815389786E-21, 6.1815389786E-21, 0.0000000000E+00
2.15400E+02, 6.2034948973E-21, 6.2034948973E-21, 0.0000000000E+00
2.15500E+02, 6.0327956520E-21, 6.0327956520E-21, 0.0000000000E+00
2.15600E+02, 6.0831174685E-21, 6.0831174685E-21, 0.0000000000E+00
2.15700E+02, 5.9318999607E-21, 5.9318999607E-21, 0.0000000000E+00
2.15800E+02, 5.8968560233E-21, 5.8968560233E-21, 0.0000000000E+00
2.15900E+02, 5.8806366126E-21, 5.8806366126E-21, 0.0000000000E+00
2.16000E+02, 5.8125999151E-21, 5.8125999151E-21, 0.0000000000E+00
2.16100E+02, 5.5822766723E-21, 5.5822766723E-21, 0.0000000000E+00
2.16200E+02, 5.4611890365E-21, 5.4611890365E-21, 0.0000000000E+00
2.16300E+02, 5.5425036263E-21, 5.5425036263E-21, 0.0000000000E+00
2.16400E+02, 5.6671239118E-21, 5.6671239118E-21, 0.0000000000E+00
2.16500E+02, 5.7054629944E-21, 5.7054629944E-21, 0.0000000000E+00
2.16600E+02, 5.4338887525E-21, 5.4338887525E-21, 0.0000000000E+00
2.16700E+02, 5.3804824293E-21, 5.3804824293E-21, 0.0000000000E+00
2.16800E+02, 5.1406586345E-21, 5.1406586345E-21, 0.0000000000E+00
2.16900E+02, 5.2848290889E-21, 5.2848290889E-21, 0.0000000000E+00
2.17000E+02, 5.2581361088E-21, 5.2581361088E-21, 0.0000000000E+00
2.17100E+02, 5.0117370296E-21, 5.0117370296E-21, 0.0000000000E+00
2.17200E+02, 5.2134615814E-21, 5.2134615814E-21, 0.0000000000E+00
2.17300E+02, 4.8954941818E-21, 4.8954941818E-21, 0.0000000000E+00
2.17400E+02, 4.9037924951E-21, 4.9037924951E-21, 0.0000000000E+00
2.17500E+02, 4.8470281630E-21, 4.8470281630E-21, 0.0000000000E+00
2.17600E+02, 4.9020015862E-21, 4.9020015862E-21, 0.0000000000E+00
2.17700E+02, 4.7461053315E-21, 4.7461053315E-21, 0.0000000000E+00
2.17800E+02, 4.7283618582E-21, 4.7283618582E-21, 0.0000000000E+00
2.17900E+02, 4.5606273795E-21, 4.5606273795E-21, 0.0000000000E+00
2.18000E+02, 4.6402100615E-21, 4.6402100615E-21, 0.0000000000E+00
2.18100E+02, 4.6507591248E-21, 4.6507591248E-21, 0.0000000000E+00
2.18200E+02, 4.5640875679E-21, 4.5640875679E-21, 0.0000000000E+00
2.18300E+02, 4.3786691784E-21, 4.3786691784E-21, 0.0000000000E+00
2.18400E+02, 4.3561809236E-21, 4.3561809236E-21, 0.0000000000E+00
2.18500E+02, 4.2690319223E-21, 4.2690319223E-21, 0.0000000000E+00
2.18600E+02, 4.2750847144E-21, 4.2750847144E-21, 0.0000000000E+00
2.18700E+02, 4.1048869974E-21, 4.1048869974E-21, 0.0000000000E+00
2.18800E+02, 4.0301703523E-21, 4.0301703523E-21, 0.0000000000E+00
2.18900E+02, 4.0070566692E-21, 4.0070566692E-21, 0.0000000000E+00
2.19000E+02, 3.9333672507E-21, 3.9333672507E-21, 0.0000000000E+00
2.19100E+02, 3.8472521121E-21, 3.8472521121E-21, 0.0000000000E+00
2.19200E+02, 3.8079905923E-21, 3.8079905923E-21, 0.0000000000E+00
2.19300E+02, 3.6902741948E-21, 3.6902741948E-21, 0.0000000000E+00
2.19400E+02, 3.4175595463E-21, 3.4175595463E-21, 0.0000000000E+00
2.19500E+02, 3.5572437903E-21, 3.5572437903E-21, 0.0000000000E+00
2.19600E+02, 3.5437859636E-21, 3.5437859636E-21, 0.0000000000E+00
2.19700E+02, 3.6756616723E-21, 3.6756616723E-21, 0.0000000000E+00
2.19800E+02, 3.5287952445E-21, 3.5287952445E-21, 0.0000000000E+00
2.19900E+02, 3.1522351414E-21, 3.1522351414E-21, 0.0000000000E+00
2.20000E+02, 3.3947354825E-21, 3.3947354825E-21, 0.0000000000E+00
2.20100E+02, 3.2373217503E-21, 3.2373217503E-21, 0.0000000000E+00
2.20200E+02, 3.1106296693E-21, 3.1106296693E-21, 0.0000000000E+00
2.20300E+02, 3.4870835681E-21, 3.4870835681E-21, 0.0000000000E+00
2.20400E+02, 3.2587279442E-21, 3.2587279442E-21, 0.0000000000E+00
2.20500E+02, 2.9272192330E-21, 2.9272192330E-21, 0.0000000000E+00
2.20600E+02, 3.0222967013E-21, 3.0222967013E-21, 0.0000000000E+00
2.20700E+02, 3.2668293364E-21, 3.2668293364E-21, 0.0000000000E+00
2.20800E+02, 2.9330301032E-21, 2.9330301032E-21, 0.0000000000E+00
2.20900E+02, 3.0050589965E-21, 3.0050589965E-21, 0.0000000000E+00
2.21000E+02, 3.0149735157E-21, 3.0149735157E-21, 0.0000000000E+00
2.21100E+02, 2.8472979700E-21, 2.8472979700E-21, 0.0000000000E+00
2.21200E+02, 3.0140422637E-21, 3.0140422637E-21, 0.0000000000E+00
2.21300E+02, 2.8284363999E-21, 2.8284363999E-21, 0.0000000000E+00
2.21400E+02, 2.9014801421E-21, 2.9014801421E-21, 0.0000000000E+00
2.21500E+02, 2.8240404312E-21, 2.8240404312E-21, 0.0000000000E+00
2.21600E+02, 2.6484685653E-21, 2.6484685653E-21, 0.0000000000E+00
2.21700E+02, 2.8578227932E-21, 2.8578227932E-21, 0.0000000000E+00
2.21800E+02, 2.6502943308E-21, 2.6502943308E-21, 0.0000000000E+00
2.21900E+02, 2.4907913258E-21, 2.4907913258E-21, 0.0000000000E+00
2.22000E+02, 2.4965532768E-21, 2.4965532768E-21, 0.0000000000E+00
2.22100E+02, 2.6665628321E-21, 2.6665628321E-21, 0.0000000000E+00
2.22200E+02, 2.4794599017E-21, 2.4794599017E-21, 0.0000000000E+00
2.22300E+02, 2.5779372085E-21, 2.5779372085E-21, 0.0000000000E+00
2.22400E+02, 2.4640223288E-21, 2.4640223288E-21, 0.0000000000E+00
2.22500E+02, 2.4509606481E-21, 2.4509606481E-21, 0.0000000000E+00
2.22600E+02, 2.5399074518E-21, 2.5399074518E-21, 0.0000000000E+00
2.22700E+02, 2.5269846733E-21, 2.5269846733E-21, 0.0000000000E+00
2.22800E+02, 2.3947939216E-21, 2.3947939216E-21, 0.0000000000E+00
2.22900E+02, 2.2111177627E-21, 2.2111177627E-21, 0.0000000000E+00
2.23000E+02, 2.4319012285E-21, 2.4319012285E-21, 0.0000000000E+00
2.23100E+02, 2.3449769810E-21, 2.3449769810E-21, 0.0000000000E+00
2.23200E+02, 2.2881685771E-21, 2.2881685771E-21, 0.0000000000E+00
2.23300E+02, 2.1455935597E-21, 2.1455935597E-21, 0.0000000000E+00
2.23400E+02, 2.3252616442E-21, 2.3252616442E-21, 0.0000000000E+00
2.23500E+02, 2.3068869923E-21, 2.3068869923E-21, 0.0000000000E+00
2.23600E+02, 2.1344095402E-21, 2.1344095402E-21, 0.0000000000E+00
2.23700E+02, 2.1381182872E-21, 2.1381182872E-21, 0.0000000000E+00
2.23800E+02, 2.1136569182E-21, 2.1136569182E-21, 0.0000000000E+00
2.23900E+02, 1.8099796560E-21, 1.8099796560E-21, 0.0000000000E+00
2.24000E+02, 2.2503847890E-21, 2.2503847890E-21, 0.0000000000E+00
2.24100E+02, 2.0804295327E-21, 2.0804295327E-21, 0.0000000000E+00
2.24200E+02, 2.1778230591E-21, 2.1778230591E-21, 0.0000000000E+00
2.24300E+02, 2.0267267767E-21, 2.0267267767E-21, 0.0000000000E+00
2.24400E+02, 1.9363768915E-21, 1.9363768915E-21, 0.0000000000E+00
2.24500E+02, 2.0584853782E-21, 2.0584853782E-21, 0.0000000000E+00
2.24600E+02, 1.8608586053E-21, 1.8608586053E-21, 0.0000000000E+00
2.24700E+02, 2.0113703550E-21, 2.0113703550E-21, 0.0000000000E+00
2.24800E+02, 2.0272322794E-21, 2.0272322794E-21, 0.0000000000E+00
2.24900E+02, 1.7472293338E-21, 1.7472293338E-21, 0.0000000000E+00
2.25000E+02, 1.9730766632E-21, 1.9730766632E-21, 0.0000000000E+00
2.25100E+02, 1.8021248356E-21, 1.8021248356E-21, 0.0000000000E+00
2.25200E+02, 1.6624092649E-21, 1.6624092649E-21, 0.0000000000E+00
2.25300E+02, 1.6680974907E-21, 1.6680974907E-21, 0.0000000000E+00
2.25400E+02, 1.7902391903E-21, 1.7902391903E-21, 0.0000000000E+00
2.25500E+02, 1.6438119636E-21, 1.6438119636E-21, 0.0000000000E+00
2.25600E+02, 1.5723430214E-21, 1.5723430214E-21, 0.0000000000E+00
2.25700E+02, 1.6540083552E-21, 1.6540083552E-21, 0.0000000000E+00
2.25800E+02, 1.5699190118E-21, 1.5699190118E-21, 0.0000000000E+00
2.25900E+02, 1.6410752196E-21, 1.6410752196E-21, 0.0000000000E+00
2.26000E+02, 1.6379439793E-21, 1.6379439793E-21, 0.0000000000E+00
2.26100E+02, 1.5219963520E-21, 1.5219963520E-21, 0.0000000000E+00
2.26200E+02, 1.5885776301E-21, 1.5885776301E-21, 0.0000000000E+00
2.26300E+02, 1.4995916225E-21, 1.4995916225E-21, 0.0000000000E+00
2.26400E+02, 1.4726492657E-21, 1.4726492657E-21, 0.0000000000E+00
2.26500E+02, 1.4359017727E-21, 1.4359017727E-21, 0.0000000000E+00
2.26600E+02, 1.5069025890E-21, 1.5069025890E-21, 0.0000000000E+00
2.26700E+02, 1.3769163863E-21, 1.3769163863E-21, 0.0000000000E+00
2.26800E+02, 1.4470831698E-21, 1.4470831698E-21, 0.0000000000E+00
2.26900E+02, 1.2412219042E-21, 1.2412219042E-21, 0.0000000000E+00
2.27000E+02, 1.3038354819E-21, 1.3038354819E-21, 0.0000000000E+00
2.27100E+02, 1.3881846619E-21, 1.3881846619E-21, 0.0000000000E+00
2.27200E+02, 1.4123977480E-21, 1.4123977480E-21, 0.0000000000E+00
2.27300E+02, 1.4151445903E-21, 1.4151445903E-21, 0.0000000000E+00
2.27400E+02, 1.2063061038E-21, 1.2063061038E-21, 0.0000000000E+00
2.27500E+02, 1.1792614071E-21, 1.1792614071E-21, 0.0000000000E+00
2.27600E+02, 1.0128143183E-21, 1.0128143183E-21, 0.0000000000E+00
2.27700E+02, 1.3094290939E-21, 1.3094290939E-21, 0.0000000000E+00
2.27800E+02, 1.4252899178E-21, 1.4252899178E-21, 0.0000000000E+00
2.27900E+02, 1.1068430033E-21, 1.1068430033E-21, 0.0000000000E+00
2.28000E+02, 1.0569108102E-21, 1.0569108102E-21, 0.0000000000E+00
2.28100E+02, 1.1951870384E-21, 1.1951870384E-21, 0.0000000000E+00
2.28200E+02, 1.1100345969E-21, 1.1100345969E-21, 0.0000000000E+00
2.28300E+02, 9.3597751286E-22, 9.3597751286E-22, 0.0000000000E+00
2.28400E+02, 1.0621689290E-21, 1.0621689290E-21, 0.0000000000E+00
2.28500E+02, 1.0071901606E-21, 1.0071901606E-21, 0.0000000000E+00
2.28600E+02, 1.0653659089E-21, 1.0653659089E-21, 0.0000000000E+00
2.28700E+02, 1.1410366365E-21, 1.1410366365E-21, 0.0000000000E+00
2.28800E+02, 1.0560455860E-21, 1.0560455860E-21, 0.0000000000E+00
2.28900E+02, 1.4249609063E-21, 1.4249609063E-21, 0.0000000000E+00
2.29000E+02, 1.0403551283E-21, 1.0403551283E-21, 0.0000000000E+00
2.29100E+02, 1.1111358440E-21, 1.1111358440E-21, 0.0000000000E+00
2.29200E+02, 9.4146579801E-22, 9.4146579801E-22, 0.0000000000E+00
2.29300E+02, 8.9985203926E-22, 8.9985203926E-22, 0.0000000000E+00
2.29400E+02, 8.4219647174E-22, 8.4219647174E-22, 0.0000000000E+00
2.29500E+02, 7.1993849595E-22, 7.1993849595E-22, 0.0000000000E+00
2.29600E+02, 8.6397534251E-22, 8.6397534251E-22, 0.0000000000E+00
2.29700E+02, 1.0942460782E-21, 1.0942460782E-21, 0.0000000000E+00
2.29800E+02, 1.0158318131E-21, 1.0158318131E-21, 0.0000000000E+00
2.29900E+02, 8.3268578694E-22, 8.3268578694E-22, 0.0000000000E+00