# wavelength (nm) photoabsorption    photodissociation    photoionisation (cm^2) at 562K from Fateev, A. 2019
1.13700E+02, 7.8058027012E-18, 7.8058027012E-18, 6.7906730000E-18
1.13800E+02, 4.4860707177E-18, 4.4860707177E-18, 6.6220310000E-18
1.13900E+02, 1.3376829048E-17, 1.3376829048E-17, 6.4511920000E-18
1.14000E+02, 7.7319175828E-18, 7.7319175828E-18, 6.3587150000E-18
1.14100E+02, 6.9209415927E-18, 6.9209415927E-18, 6.2608980000E-18
1.14200E+02, 6.5169110087E-18, 6.5169110087E-18, 6.1303000000E-18
1.14300E+02, 8.8359297128E-18, 8.8359297128E-18, 6.0412240000E-18
1.14400E+02, 1.0591031264E-17, 1.0591031264E-17, 5.9770010000E-18
1.14500E+02, 8.4682898743E-18, 8.4682898743E-18, 5.9763130000E-18
1.14600E+02, 6.4835369213E-18, 6.4835369213E-18, 5.9492460000E-18
1.14700E+02, 8.3395408886E-18, 8.3395408886E-18, 5.8958020000E-18
1.14800E+02, 7.8484810256E-18, 7.8484810256E-18, 5.8257770000E-18
1.14900E+02, 7.9500200983E-18, 7.9500200983E-18, 5.7397000000E-18
1.15000E+02, 7.0133963886E-18, 7.0133963886E-18, 5.6204690000E-18
1.15100E+02, 8.5449935363E-18, 8.5449935363E-18, 5.4048610000E-18
1.15200E+02, 7.5553052081E-18, 7.5553052081E-18, 5.1595340000E-18
1.15300E+02, 7.8189716568E-18, 7.8189716568E-18, 5.0184710000E-18
1.15400E+02, 7.0652355890E-18, 7.0652355890E-18, 4.8639800000E-18
1.15500E+02, 7.2437378797E-18, 7.2437378797E-18, 4.6960610000E-18
1.15600E+02, 8.3176337180E-18, 8.3176337180E-18, 4.6188460000E-18
1.15700E+02, 7.9629414591E-18, 7.9629414591E-18, 4.5698970000E-18
1.15800E+02, 7.6692941541E-18, 7.6692941541E-18, 4.4039650000E-18
1.15900E+02, 9.1786394653E-18, 9.1786394653E-18, 4.3126330000E-18
1.16000E+02, 8.8485718127E-18, 8.8485718127E-18, 4.3438750000E-18
1.16100E+02, 8.2291679889E-18, 8.2291679889E-18, 4.3532590000E-18
1.16200E+02, 7.7960637456E-18, 7.7960637456E-18, 4.2920250000E-18
1.16300E+02, 8.3164703307E-18, 8.3164703307E-18, 4.3030360000E-18
1.16400E+02, 9.1371013376E-18, 9.1371013376E-18, 4.2227860000E-18
1.16500E+02, 8.7173678693E-18, 8.7173678693E-18, 3.9042850000E-18
1.16600E+02, 9.6436407121E-18, 9.6436407121E-18, 3.5775700000E-18
1.16700E+02, 8.9142784033E-18, 8.9142784033E-18, 3.3834040000E-18
1.16800E+02, 1.0062701484E-17, 1.0062701484E-17, 3.2870310000E-18
1.16900E+02, 9.1679558616E-18, 9.1679558616E-18, 3.1973150000E-18
1.17000E+02, 9.7561699402E-18, 9.7561699402E-18, 3.1140170000E-18
1.17100E+02, 9.2206315323E-18, 9.2206315323E-18, 2.9795200000E-18
1.17200E+02, 1.0131624363E-17, 1.0131624363E-17, 2.9052100000E-18
1.17300E+02, 9.3310984058E-18, 9.3310984058E-18, 2.9163160000E-18
1.17400E+02, 9.7592408825E-18, 9.7592408825E-18, 2.9671320000E-18
1.17500E+02, 1.0147364660E-17, 1.0147364660E-17, 2.9374520000E-18
1.17600E+02, 1.0092107972E-17, 1.0092107972E-17, 2.8073070000E-18
1.17700E+02, 9.1871743806E-18, 9.1871743806E-18, 2.7149760000E-18
1.17800E+02, 9.2857892338E-18, 9.2857892338E-18, 2.5779130000E-18
1.17900E+02, 1.0389546789E-17, 1.0389546789E-17, 2.4016620000E-18
1.18000E+02, 1.0007795649E-17, 1.0007795649E-17, 2.2743160000E-18
1.18100E+02, 1.0052978043E-17, 1.0052978043E-17, 2.1166180000E-18
1.18200E+02, 9.6271660278E-18, 9.6271660278E-18, 1.9351860000E-18
1.18300E+02, 1.0067155256E-17, 1.0067155256E-17, 1.8534250000E-18
1.18400E+02, 1.0257593605E-17, 1.0257593605E-17, 1.8004570000E-18
1.18500E+02, 1.0098830523E-17, 1.0098830523E-17, 1.7408120000E-18
1.18600E+02, 1.0023702402E-17, 1.0023702402E-17, 1.7408050000E-18
1.18700E+02, 9.8931524736E-18, 9.8931524736E-18, 1.7562800000E-18
1.18800E+02, 1.0244072219E-17, 1.0244072219E-17, 1.7343540000E-18
1.18900E+02, 1.0170191552E-17, 1.0170191552E-17, 1.6271230000E-18
1.19000E+02, 1.0156738711E-17, 1.0156738711E-17, 1.5465160000E-18
1.19100E+02, 1.0135700327E-17, 1.0135700327E-17, 1.5138390000E-18
1.19200E+02, 9.9066766621E-18, 9.9066766621E-18, 1.3696680000E-18
1.19300E+02, 1.0206663157E-17, 1.0206663157E-17, 1.2321360000E-18
1.19400E+02, 1.0181285018E-17, 1.0181285018E-17, 1.1545610000E-18
1.19500E+02, 1.0141680396E-17, 1.0141680396E-17, 1.1260720000E-18
1.19600E+02, 1.0115911820E-17, 1.0115911820E-17, 1.1066120000E-18
1.19700E+02, 1.0347258239E-17, 1.0347258239E-17, 1.0201830000E-18
1.19800E+02, 1.0371112241E-17, 1.0371112241E-17, 9.3788850000E-19
1.19900E+02, 1.0666907224E-17, 1.0666907224E-17, 9.1420900000E-19
1.20000E+02, 1.0714530243E-17, 1.0714530243E-17, 8.4689270000E-19
1.20100E+02, 1.0477801349E-17, 1.0477801349E-17, 7.8905770000E-19
1.20200E+02, 1.0339172499E-17, 1.0339172499E-17, 7.8951230000E-19
1.20300E+02, 1.0318346490E-17, 1.0318346490E-17, 7.6346190000E-19
1.20400E+02, 1.0293482811E-17, 1.0293482811E-17, 7.2755120000E-19
1.20500E+02, 1.0379867347E-17, 1.0379867347E-17, 6.4537890000E-19
1.20600E+02, 1.0319589664E-17, 1.0319589664E-17, 5.4841870000E-19
1.20700E+02, 1.0229344711E-17, 1.0229344711E-17, 5.2568100000E-19
1.20800E+02, 1.0144075118E-17, 1.0144075118E-17, 5.2459310000E-19
1.20900E+02, 1.0174064894E-17, 1.0174064894E-17, 5.0753530000E-19
1.21000E+02, 1.0116665072E-17, 1.0116665072E-17, 4.3716420000E-19
1.21100E+02, 9.7394663422E-18, 9.7394663422E-18, 3.7043350000E-19
1.21200E+02, 9.5824610234E-18, 9.5824610234E-18, 3.5701600000E-19
1.21300E+02, 9.0948712822E-18, 9.0948712822E-18, 3.5592850000E-19
1.21400E+02, 8.2961555678E-18, 8.2961555678E-18, 3.5484060000E-19
1.21500E+02, 5.1247959625E-18, 5.1247959625E-18, 3.4722410000E-19
1.21600E+02, 7.8071068952E-18, 7.8071068952E-18, 2.4617990000E-19
1.21700E+02, 9.2990574027E-18, 9.2990574027E-18, 1.2428480000E-19
1.21800E+02, 1.0318538223E-17, 1.0318538223E-17, 9.2206430000E-20
1.21900E+02, 1.0028939750E-17, 1.0028939750E-17, 7.7516740000E-20
1.22000E+02, 1.0422698950E-17, 1.0422698950E-17, 6.0478650000E-20
1.22100E+02, 1.1946436374E-17, 1.1946436374E-17, 5.3431360000E-20
1.22200E+02, 1.2762885920E-17, 1.2762885920E-17, 5.2343770000E-20
1.22300E+02, 1.1624030672E-17, 1.1624030672E-17, 5.1256020000E-20
1.22400E+02, 9.6667872880E-18, 9.6667872880E-18, 5.0165070000E-20
1.22500E+02, 9.8723236811E-18, 9.8723236811E-18, 4.9073840000E-20
1.22600E+02, 9.8945050182E-18, 9.8945050182E-18, 4.7987370000E-20
1.22700E+02, 9.5040257572E-18, 9.5040257572E-18, 4.6900830000E-20
1.22800E+02, 6.9946502233E-18, 6.9946502233E-18, 4.2704240000E-20
1.22900E+02, 5.6247747608E-18, 5.6247747608E-18, 2.7312340000E-20
1.23000E+02, 5.2461656102E-18, 5.2461656102E-18, 1.3007420000E-20
1.23100E+02, 6.1468776093E-18, 6.1468776093E-18, 9.8983180000E-21
1.23200E+02, 7.3297273383E-18, 7.3297273383E-18, 8.8107160000E-21
1.23300E+02, 1.1451668143E-17, 1.1451668143E-17, 7.7231140000E-21
1.23400E+02, 1.1692051047E-17, 1.1692051047E-17, 6.6355080000E-21
1.23500E+02, 1.0575231206E-17, 1.0575231206E-17, 5.5478980000E-21
1.23600E+02, 1.0754142565E-17, 1.0754142565E-17, 4.4602870000E-21
1.23700E+02, 1.3871556476E-17, 1.3871556476E-17, 3.3726780000E-21
1.23800E+02, 1.7472812027E-17, 1.7472812027E-17, 2.2850670000E-21
1.23900E+02, 1.4650404602E-17, 1.4650404602E-17, 1.6945630000E-20
1.24000E+02, 1.4346107352E-17, 1.4346107352E-17, 7.1632279999E-20
1.24100E+02, 1.3146432233E-17, 1.3146432233E-17, 5.5557280000E-20
1.24200E+02, 1.0919711052E-17, 1.0919711052E-17,            0
1.24300E+02, 1.0891031500E-17, 1.0891031500E-17,            0
1.24400E+02, 1.0067262258E-17, 1.0067262258E-17,            0
1.24500E+02, 6.6377643746E-18, 6.6377643746E-18,            0
1.24600E+02, 5.8063408208E-18, 5.8063408208E-18,            0
1.24700E+02, 7.0100293242E-18, 7.0100293242E-18,            0
1.24800E+02, 9.3914177893E-18, 9.3914177893E-18,            0
1.24900E+02, 1.7427516430E-17, 1.7427516430E-17,            0
1.25000E+02, 1.7538737460E-17, 1.7538737460E-17,            0
1.25100E+02, 1.2061931096E-17, 1.2061931096E-17,            0
1.25200E+02, 1.0726876337E-17, 1.0726876337E-17,            0
1.25300E+02, 1.4926218280E-17, 1.4926218280E-17,            0
1.25400E+02, 1.8914349979E-17, 1.8914349979E-17,            0
1.25500E+02, 1.6184353509E-17, 1.6184353509E-17,            0
1.25600E+02, 1.3716934011E-17, 1.3716934011E-17,            0
1.25700E+02, 1.1051834530E-17, 1.1051834530E-17,            0
1.25800E+02, 7.6157584113E-18, 7.6157584113E-18,            0
1.25900E+02, 5.5679436724E-18, 5.5679436724E-18,            0
1.26000E+02, 5.1606279002E-18, 5.1606279002E-18,            0
1.26100E+02, 4.6661570177E-18, 4.6661570177E-18,            0
1.26200E+02, 4.9846542152E-18, 4.9846542152E-18,            0
1.26300E+02, 6.2342749149E-18, 6.2342749149E-18,            0
1.26400E+02, 1.0201901605E-17, 1.0201901605E-17,            0
1.26500E+02, 1.6935338571E-17, 1.6935338571E-17,            0
1.26600E+02, 1.3353856682E-17, 1.3353856682E-17,            0
1.26700E+02, 1.1249210390E-17, 1.1249210390E-17,            0
1.26800E+02, 1.1947973819E-17, 1.1947973819E-17,            0
1.26900E+02, 1.2761181442E-17, 1.2761181442E-17,            0
1.27000E+02, 1.5851469320E-17, 1.5851469320E-17,            0
1.27100E+02, 1.7618471917E-17, 1.7618471917E-17,            0
1.27200E+02, 1.6743583097E-17, 1.6743583097E-17,            0
1.27300E+02, 1.7110593622E-17, 1.7110593622E-17,            0
1.27400E+02, 1.5605554076E-17, 1.5605554076E-17,            0
1.27500E+02, 9.8878230336E-18, 9.8878230336E-18,            0
1.27600E+02, 7.5405797754E-18, 7.5405797754E-18,            0
1.27700E+02, 6.0456300832E-18, 6.0456300832E-18,            0
1.27800E+02, 6.0195129820E-18, 6.0195129820E-18,            0
1.27900E+02, 6.5360564741E-18, 6.5360564741E-18,            0
1.28000E+02, 9.2563809502E-18, 9.2563809502E-18,            0
1.28100E+02, 1.3981744031E-17, 1.3981744031E-17,            0
1.28200E+02, 1.2239465220E-17, 1.2239465220E-17,            0
1.28300E+02, 1.1732830769E-17, 1.1732830769E-17,            0
1.28400E+02, 1.2948776126E-17, 1.2948776126E-17,            0
1.28500E+02, 1.2042067382E-17, 1.2042067382E-17,            0
1.28600E+02, 1.3132286934E-17, 1.3132286934E-17,            0
1.28700E+02, 1.2279568736E-17, 1.2279568736E-17,            0
1.28800E+02, 1.6161226399E-17, 1.6161226399E-17,            0
1.28900E+02, 1.8778499768E-17, 1.8778499768E-17,            0
1.29000E+02, 1.5697843040E-17, 1.5697843040E-17,            0
1.29100E+02, 1.1709111416E-17, 1.1709111416E-17,            0
1.29200E+02, 8.8211800773E-18, 8.8211800773E-18,            0
1.29300E+02, 7.5060868025E-18, 7.5060868025E-18,            0
1.29400E+02, 6.6967219629E-18, 6.6967219629E-18,            0
1.29500E+02, 6.9681533483E-18, 6.9681533483E-18,            0
1.29600E+02, 8.0219898023E-18, 8.0219898023E-18,            0
1.29700E+02, 1.1238784542E-17, 1.1238784542E-17,            0
1.29800E+02, 1.7636494213E-17, 1.7636494213E-17,            0
1.29900E+02, 2.0992768953E-17, 2.0992768953E-17,            0
1.30000E+02, 1.5690536382E-17, 1.5690536382E-17,            0
1.30100E+02, 1.5225468660E-17, 1.5225468660E-17,            0
1.30200E+02, 1.5818639245E-17, 1.5818639245E-17,            0
1.30300E+02, 1.2439415844E-17, 1.2439415844E-17,            0
1.30400E+02, 1.1747990388E-17, 1.1747990388E-17,            0
1.30500E+02, 1.3310834254E-17, 1.3310834254E-17,            0
1.30600E+02, 2.2310548880E-17, 2.2310548880E-17,            0
1.30700E+02, 2.2606153105E-17, 2.2606153105E-17,            0
1.30800E+02, 1.7532256844E-17, 1.7532256844E-17,            0
1.30900E+02, 1.1953877216E-17, 1.1953877216E-17,            0
1.31000E+02, 9.0344049681E-18, 9.0344049681E-18,            0
1.31100E+02, 8.3910149058E-18, 8.3910149058E-18,            0
1.31200E+02, 7.1124072666E-18, 7.1124072666E-18,            0
1.31300E+02, 7.6364010215E-18, 7.6364010215E-18,            0
1.31400E+02, 7.7356666927E-18, 7.7356666927E-18,            0
1.31500E+02, 7.8637495372E-18, 7.8637495372E-18,            0
1.31600E+02, 8.0968750738E-18, 8.0968750738E-18,            0
1.31700E+02, 8.9643148535E-18, 8.9643148535E-18,            0
1.31800E+02, 1.0571066001E-17, 1.0571066001E-17,            0
1.31900E+02, 1.1481469626E-17, 1.1481469626E-17,            0
1.32000E+02, 1.1964785907E-17, 1.1964785907E-17,            0
1.32100E+02, 1.0737213008E-17, 1.0737213008E-17,            0
1.32200E+02, 1.0340090018E-17, 1.0340090018E-17,            0
1.32300E+02, 1.5234361230E-17, 1.5234361230E-17,            0
1.32400E+02, 2.8346555144E-17, 2.8346555144E-17,            0
1.32500E+02, 3.4247682611E-17, 3.4247682611E-17,            0
1.32600E+02, 2.6157771694E-17, 2.6157771694E-17,            0
1.32700E+02, 1.6642395382E-17, 1.6642395382E-17,            0
1.32800E+02, 1.2498475188E-17, 1.2498475188E-17,            0
1.32900E+02, 1.0808901188E-17, 1.0808901188E-17,            0
1.33000E+02, 8.1322810053E-18, 8.1322810053E-18,            0
1.33100E+02, 7.0357406719E-18, 7.0357406719E-18,            0
1.33200E+02, 6.7221345973E-18, 6.7221345973E-18,            0
1.33300E+02, 6.5143799416E-18, 6.5143799416E-18,            0
1.33400E+02, 7.4543139327E-18, 7.4543139327E-18,            0
1.33500E+02, 7.8802854766E-18, 7.8802854766E-18,            0
1.33600E+02, 1.0181984639E-17, 1.0181984639E-17,            0
1.33700E+02, 1.1299631878E-17, 1.1299631878E-17,            0
1.33800E+02, 1.1526936606E-17, 1.1526936606E-17,            0
1.33900E+02, 1.0845407205E-17, 1.0845407205E-17,            0
1.34000E+02, 9.7724943630E-18, 9.7724943630E-18,            0
1.34100E+02, 1.3433545337E-17, 1.3433545337E-17,            0
1.34200E+02, 2.8337735457E-17, 2.8337735457E-17,            0
1.34300E+02, 2.8327522476E-17, 2.8327522476E-17,            0
1.34400E+02, 2.0430775922E-17, 2.0430775922E-17,            0
1.34500E+02, 1.3428224903E-17, 1.3428224903E-17,            0
1.34600E+02, 1.0198926238E-17, 1.0198926238E-17,            0
1.34700E+02, 7.3551553177E-18, 7.3551553177E-18,            0
1.34800E+02, 6.0346259975E-18, 6.0346259975E-18,            0
1.34900E+02, 5.3102737757E-18, 5.3102737757E-18,            0
1.35000E+02, 5.6076361706E-18, 5.6076361706E-18,            0
1.35100E+02, 5.8163957868E-18, 5.8163957868E-18,            0
1.35200E+02, 6.9057908671E-18, 6.9057908671E-18,            0
1.35300E+02, 1.3964213817E-17, 1.3964213817E-17,            0
1.35400E+02, 2.1500065825E-17, 2.1500065825E-17,            0
1.35500E+02, 1.8186644357E-17, 1.8186644357E-17,            0
1.35600E+02, 1.6678752021E-17, 1.6678752021E-17,            0
1.35700E+02, 1.4478585086E-17, 1.4478585086E-17,            0
1.35800E+02, 1.1273193508E-17, 1.1273193508E-17,            0
1.35900E+02, 1.1749269390E-17, 1.1749269390E-17,            0
1.36000E+02, 2.7466140395E-17, 2.7466140395E-17,            0
1.36100E+02, 3.0747102681E-17, 3.0747102681E-17,            0
1.36200E+02, 2.0514745673E-17, 2.0514745673E-17,            0
1.36300E+02, 1.2931348644E-17, 1.2931348644E-17,            0
1.36400E+02, 9.2056415194E-18, 9.2056415194E-18,            0
1.36500E+02, 6.8281811619E-18, 6.8281811619E-18,            0
1.36600E+02, 6.0351417935E-18, 6.0351417935E-18,            0
1.36700E+02, 5.4536101448E-18, 5.4536101448E-18,            0
1.36800E+02, 5.5211255986E-18, 5.5211255986E-18,            0
1.36900E+02, 6.1392424201E-18, 6.1392424201E-18,            0
1.37000E+02, 5.6444364058E-18, 5.6444364058E-18,            0
1.37100E+02, 6.0994028814E-18, 6.0994028814E-18,            0
1.37200E+02, 8.5361625080E-18, 8.5361625080E-18,            0
1.37300E+02, 1.0114575682E-17, 1.0114575682E-17,            0
1.37400E+02, 1.1256405746E-17, 1.1256405746E-17,            0
1.37500E+02, 1.0106775500E-17, 1.0106775500E-17,            0
1.37600E+02, 7.7969589685E-18, 7.7969589685E-18,            0
1.37700E+02, 8.8316859111E-18, 8.8316859111E-18,            0
1.37800E+02, 2.0296129415E-17, 2.0296129415E-17,            0
1.37900E+02, 2.7902922486E-17, 2.7902922486E-17,            0
1.38000E+02, 1.7910666865E-17, 1.7910666865E-17,            0
1.38100E+02, 1.2620943680E-17, 1.2620943680E-17,            0
1.38200E+02, 9.7192605550E-18, 9.7192605550E-18,            0
1.38300E+02, 1.0728312649E-17, 1.0728312649E-17,            0
1.38400E+02, 1.6209428551E-17, 1.6209428551E-17,            0
1.38500E+02, 1.2759225968E-17, 1.2759225968E-17,            0
1.38600E+02, 8.8368202210E-18, 8.8368202210E-18,            0
1.38700E+02, 6.9482242447E-18, 6.9482242447E-18,            0
1.38800E+02, 7.3217840697E-18, 7.3217840697E-18,            0
1.38900E+02, 7.5892139768E-18, 7.5892139768E-18,            0
1.39000E+02, 7.2286664039E-18, 7.2286664039E-18,            0
1.39100E+02, 8.2205211449E-18, 8.2205211449E-18,            0
1.39200E+02, 9.3313982786E-18, 9.3313982786E-18,            0
1.39300E+02, 7.7522506239E-18, 7.7522506239E-18,            0
1.39400E+02, 6.2737197078E-18, 6.2737197078E-18,            0
1.39500E+02, 5.7697922496E-18, 5.7697922496E-18,            0
1.39600E+02, 1.0708440741E-17, 1.0708440741E-17,            0
1.39700E+02, 2.1157868977E-17, 2.1157868977E-17,            0
1.39800E+02, 1.4768831795E-17, 1.4768831795E-17,            0
1.39900E+02, 1.1635407597E-17, 1.1635407597E-17,            0
1.40000E+02, 8.1594794130E-18, 8.1594794130E-18,            0
1.40100E+02, 6.6933676821E-18, 6.6933676821E-18,            0
1.40200E+02, 6.0990354483E-18, 6.0990354483E-18,            0
1.40300E+02, 5.6552851801E-18, 5.6552851801E-18,            0
1.40400E+02, 4.8458222365E-18, 4.8458222365E-18,            0
1.40500E+02, 4.9153271605E-18, 4.9153271605E-18,            0
1.40600E+02, 4.4025116722E-18, 4.4025116722E-18,            0
1.40700E+02, 4.5641901243E-18, 4.5641901243E-18,            0
1.40800E+02, 5.2922160185E-18, 5.2922160185E-18,            0
1.40900E+02, 6.0651284323E-18, 6.0651284323E-18,            0
1.41000E+02, 6.6933255328E-18, 6.6933255328E-18,            0
1.41100E+02, 5.7321025376E-18, 5.7321025376E-18,            0
1.41200E+02, 5.0033675485E-18, 5.0033675485E-18,            0
1.41300E+02, 4.3127596732E-18, 4.3127596732E-18,            0
1.41400E+02, 7.5352338719E-18, 7.5352338719E-18,            0
1.41500E+02, 1.6484005006E-17, 1.6484005006E-17,            0
1.41600E+02, 1.6931858380E-17, 1.6931858380E-17,            0
1.41700E+02, 1.1025775044E-17, 1.1025775044E-17,            0
1.41800E+02, 8.4008496588E-18, 8.4008496588E-18,            0
1.41900E+02, 7.8390327713E-18, 7.8390327713E-18,            0
1.42000E+02, 6.9128434561E-18, 6.9128434561E-18,            0
1.42100E+02, 4.8664130074E-18, 4.8664130074E-18,            0
1.42200E+02, 4.4588808114E-18, 4.4588808114E-18,            0
1.42300E+02, 4.5516074642E-18, 4.5516074642E-18,            0
1.42400E+02, 4.8358760305E-18, 4.8358760305E-18,            0
1.42500E+02, 4.3834458101E-18, 4.3834458101E-18,            0
1.42600E+02, 4.3526918281E-18, 4.3526918281E-18,            0
1.42700E+02, 4.4529412821E-18, 4.4529412821E-18,            0
1.42800E+02, 4.6766926295E-18, 4.6766926295E-18,            0
1.42900E+02, 4.3447882630E-18, 4.3447882630E-18,            0
1.43000E+02, 4.0891335020E-18, 4.0891335020E-18,            0
1.43100E+02, 3.6037637265E-18, 3.6037637265E-18,            0
1.43200E+02, 4.4887878617E-18, 4.4887878617E-18,            0
1.43300E+02, 5.4787618108E-18, 5.4787618108E-18,            0
1.43400E+02, 6.4933474400E-18, 6.4933474400E-18,            0
1.43500E+02, 6.6500152221E-18, 6.6500152221E-18,            0
1.43600E+02, 4.8102494831E-18, 4.8102494831E-18,            0
1.43700E+02, 3.7536154743E-18, 3.7536154743E-18,            0
1.43800E+02, 3.8123396628E-18, 3.8123396628E-18,            0
1.43900E+02, 3.2186639624E-18, 3.2186639624E-18,            0
1.44000E+02, 2.8944357335E-18, 2.8944357335E-18,            0
1.44100E+02, 2.9109141002E-18, 2.9109141002E-18,            0
1.44200E+02, 2.8202000267E-18, 2.8202000267E-18,            0
1.44300E+02, 3.0150907432E-18, 3.0150907432E-18,            0
1.44400E+02, 3.1191052103E-18, 3.1191052103E-18,            0
1.44500E+02, 4.7108437204E-18, 4.7108437204E-18,            0
1.44600E+02, 5.0419410678E-18, 5.0419410678E-18,            0
1.44700E+02, 4.6623893489E-18, 4.6623893489E-18,            0
1.44800E+02, 3.7910558811E-18, 3.7910558811E-18,            0
1.44900E+02, 4.4293242277E-18, 4.4293242277E-18,            0
1.45000E+02, 5.6873458201E-18, 5.6873458201E-18,            0
1.45100E+02, 5.4312358814E-18, 5.4312358814E-18,            0
1.45200E+02, 6.3812629177E-18, 6.3812629177E-18,            0
1.45300E+02, 5.5402262487E-18, 5.5402262487E-18,            0
1.45400E+02, 4.4148986586E-18, 4.4148986586E-18,            0
1.45500E+02, 3.2117688095E-18, 3.2117688095E-18,            0
1.45600E+02, 2.7562220176E-18, 2.7562220176E-18,            0
1.45700E+02, 2.6335877908E-18, 2.6335877908E-18,            0
1.45800E+02, 2.7846437750E-18, 2.7846437750E-18,            0
1.45900E+02, 2.5385453875E-18, 2.5385453875E-18,            0
1.46000E+02, 2.6689559064E-18, 2.6689559064E-18,            0
1.46100E+02, 2.7910415628E-18, 2.7910415628E-18,            0
1.46200E+02, 2.4718371009E-18, 2.4718371009E-18,            0
1.46300E+02, 2.3279455443E-18, 2.3279455443E-18,            0
1.46400E+02, 2.2965466664E-18, 2.2965466664E-18,            0
1.46500E+02, 2.2194134168E-18, 2.2194134168E-18,            0
1.46600E+02, 3.2472653228E-18, 3.2472653228E-18,            0
1.46700E+02, 4.4205354523E-18, 4.4205354523E-18,            0
1.46800E+02, 5.2956410819E-18, 5.2956410819E-18,            0
1.46900E+02, 4.7883175859E-18, 4.7883175859E-18,            0
1.47000E+02, 3.7802099812E-18, 3.7802099812E-18,            0
1.47100E+02, 3.0612615324E-18, 3.0612615324E-18,            0
1.47200E+02, 2.6929576691E-18, 2.6929576691E-18,            0
1.47300E+02, 2.2711099150E-18, 2.2711099150E-18,            0
1.47400E+02, 2.0576912667E-18, 2.0576912667E-18,            0
1.47500E+02, 1.9056877165E-18, 1.9056877165E-18,            0
1.47600E+02, 1.5825483905E-18, 1.5825483905E-18,            0
1.47700E+02, 1.6243053578E-18, 1.6243053578E-18,            0
1.47800E+02, 1.6334501802E-18, 1.6334501802E-18,            0
1.47900E+02, 1.8746252470E-18, 1.8746252470E-18,            0
1.48000E+02, 1.7096521273E-18, 1.7096521273E-18,            0
1.48100E+02, 1.7417791138E-18, 1.7417791138E-18,            0
1.48200E+02, 1.5994783097E-18, 1.5994783097E-18,            0
1.48300E+02, 1.9141656069E-18, 1.9141656069E-18,            0
1.48400E+02, 1.6095229736E-18, 1.6095229736E-18,            0
1.48500E+02, 1.7299760363E-18, 1.7299760363E-18,            0
1.48600E+02, 1.4965344995E-18, 1.4965344995E-18,            0
1.48700E+02, 1.4332426019E-18, 1.4332426019E-18,            0
1.48800E+02, 1.5378996548E-18, 1.5378996548E-18,            0
1.48900E+02, 1.7153461210E-18, 1.7153461210E-18,            0
1.49000E+02, 3.7015721129E-18, 3.7015721129E-18,            0
1.49100E+02, 5.2270112767E-18, 5.2270112767E-18,            0
1.49200E+02, 4.5683977200E-18, 4.5683977200E-18,            0
1.49300E+02, 3.8243737915E-18, 3.8243737915E-18,            0
1.49400E+02, 2.4857186767E-18, 2.4857186767E-18,            0
1.49500E+02, 2.3678509433E-18, 2.3678509433E-18,            0
1.49600E+02, 2.2250447936E-18, 2.2250447936E-18,            0
1.49700E+02, 1.7988641909E-18, 1.7988641909E-18,            0
1.49800E+02, 1.6040387709E-18, 1.6040387709E-18,            0
1.49900E+02, 1.7484281303E-18, 1.7484281303E-18,            0
1.50000E+02, 1.5470756335E-18, 1.5470756335E-18,            0
1.50100E+02, 1.8903838629E-18, 1.8903838629E-18,            0
1.50200E+02, 1.4268280631E-18, 1.4268280631E-18,            0
1.50300E+02, 1.6852103782E-18, 1.6852103782E-18,            0
1.50400E+02, 1.5739629836E-18, 1.5739629836E-18,            0
1.50500E+02, 1.2905037644E-18, 1.2905037644E-18,            0
1.50600E+02, 1.5260785541E-18, 1.5260785541E-18,            0
1.50700E+02, 1.3026639531E-18, 1.3026639531E-18,            0
1.50800E+02, 1.1330739847E-18, 1.1330739847E-18,            0
1.50900E+02, 1.2001882824E-18, 1.2001882824E-18,            0
1.51000E+02, 9.3456163576E-19, 9.3456163576E-19,            0
1.51100E+02, 5.4144321969E-19, 5.4144321969E-19,            0
1.51200E+02, 1.2058083107E-18, 1.2058083107E-18,            0
1.51300E+02, 1.5883928078E-18, 1.5883928078E-18,            0
1.51400E+02, 4.7249332550E-18, 4.7249332550E-18,            0
1.51500E+02, 5.3448646302E-18, 5.3448646302E-18,            0
1.51600E+02, 4.7891378255E-18, 4.7891378255E-18,            0
1.51700E+02, 3.6548716820E-18, 3.6548716820E-18,            0
1.51800E+02, 2.5275274138E-18, 2.5275274138E-18,            0
1.51900E+02, 2.1615393112E-18, 2.1615393112E-18,            0
1.52000E+02, 1.7629717857E-18, 1.7629717857E-18,            0
1.52100E+02, 1.5686519513E-18, 1.5686519513E-18,            0
1.52200E+02, 1.4576056510E-18, 1.4576056510E-18,            0
1.52300E+02, 1.2673498614E-18, 1.2673498614E-18,            0
1.52400E+02, 1.4760245344E-18, 1.4760245344E-18,            0
1.52500E+02, 1.1335086575E-18, 1.1335086575E-18,            0
1.52600E+02, 1.0563051458E-18, 1.0563051458E-18,            0
1.52700E+02, 1.1086284084E-18, 1.1086284084E-18,            0
1.52800E+02, 1.0392618123E-18, 1.0392618123E-18,            0
1.52900E+02, 1.0328916821E-18, 1.0328916821E-18,            0
1.53000E+02, 1.0639125170E-18, 1.0639125170E-18,            0
1.53100E+02, 8.2043568682E-19, 8.2043568682E-19,            0
1.53200E+02, 8.5006172396E-19, 8.5006172396E-19,            0
1.53300E+02, 7.4108456893E-19, 7.4108456893E-19,            0
1.53400E+02, 8.6108055579E-19, 8.6108055579E-19,            0
1.53500E+02, 6.8326126750E-19, 6.8326126750E-19,            0
1.53600E+02, 9.5049335723E-19, 9.5049335723E-19,            0
1.53700E+02, 2.2258071740E-18, 2.2258071740E-18,            0
1.53800E+02, 4.9510012455E-18, 4.9510012455E-18,            0
1.53900E+02, 5.1163151000E-18, 5.1163151000E-18,            0
1.54000E+02, 4.4877036884E-18, 4.4877036884E-18,            0
1.54100E+02, 3.0491295255E-18, 3.0491295255E-18,            0
1.54200E+02, 2.5999525165E-18, 2.5999525165E-18,            0
1.54300E+02, 2.0721834455E-18, 2.0721834455E-18,            0
1.54400E+02, 1.6017877906E-18, 1.6017877906E-18,            0
1.54500E+02, 1.1959039604E-18, 1.1959039604E-18,            0
1.54600E+02, 1.0043228416E-18, 1.0043228416E-18,            0
1.54700E+02, 9.7818725123E-19, 9.7818725123E-19,            0
1.54800E+02, 9.1451660899E-19, 9.1451660899E-19,            0
1.54900E+02, 6.7906960439E-19, 6.7906960439E-19,            0
1.55000E+02, 7.2041641659E-19, 7.2041641659E-19,            0
1.55100E+02, 7.9594187674E-19, 7.9594187674E-19,            0
1.55200E+02, 6.1788283413E-19, 6.1788283413E-19,            0
1.55300E+02, 6.9346261171E-19, 6.9346261171E-19,            0
1.55400E+02, 5.6343348800E-19, 5.6343348800E-19,            0
1.55500E+02, 5.4637188806E-19, 5.4637188806E-19,            0
1.55600E+02, 4.8552250211E-19, 4.8552250211E-19,            0
1.55700E+02, 3.9643531274E-19, 3.9643531274E-19,            0
1.55800E+02, 3.6383748519E-19, 3.6383748519E-19,            0
1.55900E+02, 4.6649306474E-19, 4.6649306474E-19,            0
1.56000E+02, 5.2365486029E-19, 5.2365486029E-19,            0
1.56100E+02, 1.1469656874E-18, 1.1469656874E-18,            0
1.56200E+02, 4.0927404255E-18, 4.0927404255E-18,            0
1.56300E+02, 5.0486802063E-18, 5.0486802063E-18,            0
1.56400E+02, 4.0722590291E-18, 4.0722590291E-18,            0
1.56500E+02, 3.2520281325E-18, 3.2520281325E-18,            0
1.56600E+02, 2.5700254346E-18, 2.5700254346E-18,            0
1.56700E+02, 1.6675476561E-18, 1.6675476561E-18,            0
1.56800E+02, 1.4512392942E-18, 1.4512392942E-18,            0
1.56900E+02, 1.0193995507E-18, 1.0193995507E-18,            0
1.57000E+02, 9.4079950967E-19, 9.4079950967E-19,            0
1.57100E+02, 6.4771497282E-19, 6.4771497282E-19,            0
1.57200E+02, 6.5802712510E-19, 6.5802712510E-19,            0
1.57300E+02, 4.3970633462E-19, 4.3970633462E-19,            0
1.57400E+02, 5.4796451672E-19, 5.4796451672E-19,            0
1.57500E+02, 3.7322340809E-19, 3.7322340809E-19,            0
1.57600E+02, 4.7544856881E-19, 4.7544856881E-19,            0
1.57700E+02, 3.7118114758E-19, 3.7118114758E-19,            0
1.57800E+02, 3.7714351613E-19, 3.7714351613E-19,            0
1.57900E+02, 2.4412485863E-19, 2.4412485863E-19,            0
1.58000E+02, 2.7745388441E-19, 2.7745388441E-19,            0
1.58100E+02, 2.3794717138E-19, 2.3794717138E-19,            0
1.58200E+02, 1.5143014392E-19, 1.5143014392E-19,            0
1.58300E+02, 1.9721098254E-19, 1.9721098254E-19,            0
1.58400E+02, 3.8373281360E-19, 3.8373281360E-19,            0
1.58500E+02, 4.2013481335E-19, 4.2013481335E-19,            0
1.58600E+02, 2.1830951738E-18, 2.1830951738E-18,            0
1.58700E+02, 3.8747691965E-18, 3.8747691965E-18,            0
1.58800E+02, 4.0954997996E-18, 4.0954997996E-18,            0
1.58900E+02, 2.9259930656E-18, 2.9259930656E-18,            0
1.59000E+02, 2.5413189204E-18, 2.5413189204E-18,            0
1.59100E+02, 1.7426228739E-18, 1.7426228739E-18,            0
1.59200E+02, 1.1340205670E-18, 1.1340205670E-18,            0
1.59300E+02, 8.4496153854E-19, 8.4496153854E-19,            0
1.59400E+02, 6.5303623361E-19, 6.5303623361E-19,            0
1.59500E+02, 4.5800072585E-19, 4.5800072585E-19,            0
1.59600E+02, 4.5024022135E-19, 4.5024022135E-19,            0
1.59700E+02, 2.5050512573E-19, 2.5050512573E-19,            0
1.59800E+02, 4.3635267355E-19, 4.3635267355E-19,            0
1.59900E+02, 8.1352362102E-20, 8.1352362102E-20,            0
1.60000E+02, 3.1968730179E-19, 3.1968730179E-19,            0
1.60100E+02, 3.0359229468E-19, 3.0359229468E-19,            0
1.60200E+02, 4.6733419551E-20, 4.6733419551E-20,            0
1.60300E+02, 6.5494218967E-20, 6.5494218967E-20,            0
1.60400E+02, 2.5088979021E-19, 2.5088979021E-19,            0
1.60500E+02, 2.7569773062E-19, 2.7569773062E-19,            0
1.60600E+02, 6.4690456119E-20, 6.4690456119E-20,            0
1.60700E+02, 2.1805606599E-19, 2.1805606599E-19,            0
1.60800E+02, 2.9406779498E-19, 2.9406779498E-19,            0
1.60900E+02, 2.5923599605E-19, 2.5923599605E-19,            0
1.61000E+02, 2.2847794186E-19, 2.2847794186E-19,            0
1.61100E+02, 1.8586812796E-18, 1.8586812796E-18,            0
1.61200E+02, 2.5735448886E-18, 2.5735448886E-18,            0
1.61300E+02, 2.5780622335E-18, 2.5780622335E-18,            0
1.61400E+02, 1.9120364671E-18, 1.9120364671E-18,            0
1.61500E+02, 1.2395618627E-18, 1.2395618627E-18,            0
1.61600E+02, 1.1558805084E-18, 1.1558805084E-18,            0
1.61700E+02, 7.1312306774E-19, 7.1312306774E-19,            0
1.61800E+02, 5.5050954414E-19, 5.5050954414E-19,            0
1.61900E+02, 4.0722248284E-19, 4.0722248284E-19,            0
1.62000E+02, 3.5988309302E-19, 3.5988309302E-19,            0
1.62100E+02, 1.1241240565E-19, 1.1241240565E-19,            0
1.62200E+02, 2.3842292052E-19, 2.3842292052E-19,            0
1.62300E+02, 2.3005959608E-19, 2.3005959608E-19,            0
1.62400E+02, 1.9898581782E-19, 1.9898581782E-19,            0
1.62500E+02, 2.2858216412E-19, 2.2858216412E-19,            0
1.62600E+02, 2.3470050812E-19, 2.3470050812E-19,            0
1.62700E+02, 2.0001299620E-19, 2.0001299620E-19,            0
1.62800E+02, 1.9069961015E-19, 1.9069961015E-19,            0
1.62900E+02, 6.0106886308E-20, 6.0106886308E-20,            0
1.63000E+02, 2.8861584359E-19, 2.8861584359E-19,            0
1.63100E+02, 2.7308129054E-19, 2.7308129054E-19,            0
1.63300E+02, 3.3452778912E-19, 3.3452778912E-19,            0
1.63400E+02, 2.0759586746E-19, 2.0759586746E-19,            0
1.63500E+02, 7.2735212479E-19, 7.2735212479E-19,            0
1.63600E+02, 9.0200042636E-19, 9.0200042636E-19,            0
1.63700E+02, 1.8223120551E-18, 1.8223120551E-18,            0
1.63800E+02, 1.7898185205E-18, 1.7898185205E-18,            0
1.63900E+02, 1.3056185806E-18, 1.3056185806E-18,            0
1.64000E+02, 1.1071167904E-18, 1.1071167904E-18,            0
1.64100E+02, 8.6563621384E-19, 8.6563621384E-19,            0
1.64200E+02, 7.7991113442E-19, 7.7991113442E-19,            0
1.64300E+02, 6.4044573403E-19, 6.4044573403E-19,            0
1.64400E+02, 5.1412376763E-19, 5.1412376763E-19,            0
1.64500E+02, 4.7925127029E-19, 4.7925127029E-19,            0
1.64600E+02, 3.9265778174E-19, 3.9265778174E-19,            0
1.64700E+02, 3.4797151230E-19, 3.4797151230E-19,            0
1.64800E+02, 4.1470268138E-19, 4.1470268138E-19,            0
1.64900E+02, 4.5460770170E-19, 4.5460770170E-19,            0
1.65000E+02, 2.0004418351E-19, 2.0004418351E-19,            0
1.65100E+02, 4.0294506440E-19, 4.0294506440E-19,            0
1.65200E+02, 2.4805984219E-19, 2.4805984219E-19,            0
1.65300E+02, 2.7525481400E-19, 2.7525481400E-19,            0
1.65400E+02, 2.9844621215E-19, 2.9844621215E-19,            0
1.65500E+02, 3.1927113547E-19, 3.1927113547E-19,            0
1.65600E+02, 4.8699966408E-19, 4.8699966408E-19,            0
1.65700E+02, 4.8922252741E-19, 4.8922252741E-19,            0
1.65800E+02, 4.6966983588E-19, 4.6966983588E-19,            0
1.65900E+02, 5.7497964673E-19, 5.7497964673E-19,            0
1.66000E+02, 7.2030950665E-19, 7.2030950665E-19,            0
1.66100E+02, 7.7588096935E-19, 7.7588096935E-19,            0
1.66200E+02, 9.7840126519E-19, 9.7840126519E-19,            0
1.66300E+02, 1.0942759116E-18, 1.0942759116E-18,            0
1.66400E+02, 9.3322010954E-19, 9.3322010954E-19,            0
1.66500E+02, 8.0570788025E-19, 8.0570788025E-19,            0
1.66600E+02, 6.9507848821E-19, 6.9507848821E-19,            0
1.66700E+02, 7.0240520266E-19, 7.0240520266E-19,            0
1.66800E+02, 5.4116536229E-19, 5.4116536229E-19,            0
1.66900E+02, 4.7806465208E-19, 4.7806465208E-19,            0
1.67000E+02, 4.7149150700E-19, 4.7149150700E-19,            0
1.67100E+02, 4.5115464584E-19, 4.5115464584E-19,            0
1.67200E+02, 4.6085766856E-19, 4.6085766856E-19,            0
1.67300E+02, 4.4929413412E-19, 4.4929413412E-19,            0
1.67400E+02, 4.7404410609E-19, 4.7404410609E-19,            0
1.67500E+02, 4.8241562892E-19, 4.8241562892E-19,            0
1.67600E+02, 4.7417241828E-19, 4.7417241828E-19,            0
1.67700E+02, 5.2559410504E-19, 5.2559410504E-19,            0
1.67800E+02, 5.7743005826E-19, 5.7743005826E-19,            0
1.67900E+02, 6.2908309255E-19, 6.2908309255E-19,            0
1.68000E+02, 6.9411090953E-19, 6.9411090953E-19,            0
1.68100E+02, 6.9378170436E-19, 6.9378170436E-19,            0
1.68200E+02, 7.6146198601E-19, 7.6146198601E-19,            0
1.68300E+02, 7.8486864353E-19, 7.8486864353E-19,            0
1.68400E+02, 8.7954079884E-19, 8.7954079884E-19,            0
1.68500E+02, 1.0116235491E-18, 1.0116235491E-18,            0
1.68600E+02, 1.0596704289E-18, 1.0596704289E-18,            0
1.68700E+02, 1.1515994743E-18, 1.1515994743E-18,            0
1.68800E+02, 1.1160807806E-18, 1.1160807806E-18,            0
1.68900E+02, 1.0565104557E-18, 1.0565104557E-18,            0
1.69000E+02, 1.0587509823E-18, 1.0587509823E-18,            0
1.69100E+02, 1.0169879785E-18, 1.0169879785E-18,            0
1.69200E+02, 1.0211613860E-18, 1.0211613860E-18,            0
1.69300E+02, 9.0469451880E-19, 9.0469451880E-19,            0
1.69400E+02, 8.7683941334E-19, 8.7683941334E-19,            0
1.69500E+02, 8.8201578707E-19, 8.8201578707E-19,            0
1.69600E+02, 8.6212290738E-19, 8.6212290738E-19,            0
1.69700E+02, 7.4967770830E-19, 7.4967770830E-19,            0
1.69800E+02, 7.0553848069E-19, 7.0553848069E-19,            0
1.69900E+02, 7.3552604059E-19, 7.3552604059E-19,            0
1.70000E+02, 6.9377780640E-19, 6.9377780640E-19,            0
1.70100E+02, 5.9090344015E-19, 5.9090344015E-19,            0
1.70200E+02, 4.0539007155E-19, 4.0539007155E-19,            0
1.70300E+02, 5.0612870416E-19, 5.0612870416E-19,            0
1.70400E+02, 4.5351842405E-19, 4.5351842405E-19,            0
1.70500E+02, 6.1539061749E-19, 6.1539061749E-19,            0
1.70600E+02, 5.9938444910E-19, 5.9938444910E-19,            0
1.70700E+02, 8.1373946073E-19, 8.1373946073E-19,            0
1.70800E+02, 8.0481939246E-19, 8.0481939246E-19,            0
1.70900E+02, 9.8315175243E-19, 9.8315175243E-19,            0
1.71000E+02, 1.0318071736E-18, 1.0318071736E-18,            0
1.71100E+02, 1.2661572837E-18, 1.2661572837E-18,            0
1.71200E+02, 1.3545637381E-18, 1.3545637381E-18,            0
1.71300E+02, 1.6672158538E-18, 1.6672158538E-18,            0
1.71400E+02, 1.7445781605E-18, 1.7445781605E-18,            0
1.71500E+02, 1.8402477758E-18, 1.8402477758E-18,            0
1.71600E+02, 1.9868962245E-18, 1.9868962245E-18,            0
1.71700E+02, 2.0787450438E-18, 2.0787450438E-18,            0
1.71800E+02, 2.0733991322E-18, 2.0733991322E-18,            0
1.71900E+02, 2.0444236602E-18, 2.0444236602E-18,            0
1.72000E+02, 1.9298640219E-18, 1.9298640219E-18,            0
1.72100E+02, 1.9316428603E-18, 1.9316428603E-18,            0
1.72200E+02, 1.8058171083E-18, 1.8058171083E-18,            0
1.72300E+02, 1.7132728681E-18, 1.7132728681E-18,            0
1.72400E+02, 1.5478332771E-18, 1.5478332771E-18,            0
1.72500E+02, 1.5259949744E-18, 1.5259949744E-18,            0
1.72600E+02, 1.4325000671E-18, 1.4325000671E-18,            0
1.72700E+02, 1.2801756602E-18, 1.2801756602E-18,            0
1.72800E+02, 9.9799012004E-19, 9.9799012004E-19,            0
1.72900E+02, 9.6940297816E-19, 9.6940297816E-19,            0
1.73000E+02, 1.0154395756E-18, 1.0154395756E-18,            0
1.73100E+02, 9.8764639140E-19, 9.8764639140E-19,            0
1.73200E+02, 1.0570287293E-18, 1.0570287293E-18,            0
1.73300E+02, 1.1648849972E-18, 1.1648849972E-18,            0
1.73400E+02, 1.1797564476E-18, 1.1797564476E-18,            0
1.73500E+02, 1.2594423135E-18, 1.2594423135E-18,            0
1.73600E+02, 1.3164814140E-18, 1.3164814140E-18,            0
1.73700E+02, 1.5405885872E-18, 1.5405885872E-18,            0
1.73800E+02, 1.5559771986E-18, 1.5559771986E-18,            0
1.73900E+02, 1.7700066711E-18, 1.7700066711E-18,            0
1.74000E+02, 1.9405548229E-18, 1.9405548229E-18,            0
1.74100E+02, 2.1098739012E-18, 2.1098739012E-18,            0
1.74200E+02, 2.1433178194E-18, 2.1433178194E-18,            0
1.74300E+02, 2.3396993361E-18, 2.3396993361E-18,            0
1.74400E+02, 2.4717208005E-18, 2.4717208005E-18,            0
1.74500E+02, 2.6472659455E-18, 2.6472659455E-18,            0
1.74600E+02, 2.8968104228E-18, 2.8968104228E-18,            0
1.74700E+02, 3.0236922174E-18, 3.0236922174E-18,            0
1.74800E+02, 3.0771900649E-18, 3.0771900649E-18,            0
1.74900E+02, 3.0576398539E-18, 3.0576398539E-18,            0
1.75000E+02, 2.8886942051E-18, 2.8886942051E-18,            0
1.75100E+02, 2.8109233597E-18, 2.8109233597E-18,            0
1.75200E+02, 2.6211229971E-18, 2.6211229971E-18,            0
1.75300E+02, 2.4200840534E-18, 2.4200840534E-18,            0
1.75400E+02, 2.3354625943E-18, 2.3354625943E-18,            0
1.75500E+02, 2.1446975785E-18, 2.1446975785E-18,            0
1.75600E+02, 2.1866592919E-18, 2.1866592919E-18,            0
1.75700E+02, 2.0949914239E-18, 2.0949914239E-18,            0
1.75800E+02, 2.0023880552E-18, 2.0023880552E-18,            0
1.75900E+02, 1.9969787998E-18, 1.9969787998E-18,            0
1.76000E+02, 1.9570168034E-18, 1.9570168034E-18,            0
1.76100E+02, 1.9031870512E-18, 1.9031870512E-18,            0
1.76200E+02, 2.0126203969E-18, 2.0126203969E-18,            0
1.76300E+02, 2.0098146633E-18, 2.0098146633E-18,            0
1.76400E+02, 2.1631653805E-18, 2.1631653805E-18,            0
1.76500E+02, 2.2791827365E-18, 2.2791827365E-18,            0
1.76600E+02, 2.2793647251E-18, 2.2793647251E-18,            0
1.76700E+02, 2.5383367258E-18, 2.5383367258E-18,            0
1.76800E+02, 2.6288012047E-18, 2.6288012047E-18,            0
1.76900E+02, 2.9330805611E-18, 2.9330805611E-18,            0
1.77000E+02, 3.3011623870E-18, 3.3011623870E-18,            0
1.77100E+02, 3.5379218031E-18, 3.5379218031E-18,            0
1.77200E+02, 3.9205546361E-18, 3.9205546361E-18,            0
1.77300E+02, 4.2900682173E-18, 4.2900682173E-18,            0
1.77400E+02, 4.5679666172E-18, 4.5679666172E-18,            0
1.77500E+02, 4.8649924277E-18, 4.8649924277E-18,            0
1.77600E+02, 5.0320144021E-18, 5.0320144021E-18,            0
1.77700E+02, 5.0582332869E-18, 5.0582332869E-18,            0
1.77800E+02, 4.9801992775E-18, 4.9801992775E-18,            0
1.77900E+02, 4.8181519513E-18, 4.8181519513E-18,            0
1.78000E+02, 4.4533804038E-18, 4.4533804038E-18,            0
1.78100E+02, 4.2110300845E-18, 4.2110300845E-18,            0
1.78200E+02, 3.9757999895E-18, 3.9757999895E-18,            0
1.78300E+02, 3.7230017144E-18, 3.7230017144E-18,            0
1.78400E+02, 3.3735423842E-18, 3.3735423842E-18,            0
1.78500E+02, 3.1609050100E-18, 3.1609050100E-18,            0
1.78600E+02, 2.9796334969E-18, 2.9796334969E-18,            0
1.78700E+02, 2.8244023296E-18, 2.8244023296E-18,            0
1.78800E+02, 2.6570361926E-18, 2.6570361926E-18,            0
1.78900E+02, 2.5786086444E-18, 2.5786086444E-18,            0
1.79000E+02, 2.6544273361E-18, 2.6544273361E-18,            0
1.79100E+02, 2.4733605974E-18, 2.4733605974E-18,            0
1.79200E+02, 2.5477557492E-18, 2.5477557492E-18,            0
1.79300E+02, 2.4838036899E-18, 2.4838036899E-18,            0
1.79400E+02, 2.6127096924E-18, 2.6127096924E-18,            0
1.79500E+02, 2.7678744927E-18, 2.7678744927E-18,            0
1.79600E+02, 2.9179117986E-18, 2.9179117986E-18,            0
1.79700E+02, 3.2528648897E-18, 3.2528648897E-18,            0
1.79800E+02, 3.3790118642E-18, 3.3790118642E-18,            0
1.79900E+02, 3.6576806531E-18, 3.6576806531E-18,            0
1.80000E+02, 4.0815561441E-18, 4.0815561441E-18,            0
1.80100E+02, 4.4159650840E-18, 4.4159650840E-18,            0
1.80200E+02, 4.9359102966E-18, 4.9359102966E-18,            0
1.80300E+02, 5.5314944415E-18, 5.5314944415E-18,            0
1.80400E+02, 5.9250315888E-18, 5.9250315888E-18,            0
1.80500E+02, 6.5054211491E-18, 6.5054211491E-18,            0
1.80600E+02, 6.8164941323E-18, 6.8164941323E-18,            0
1.80700E+02, 7.0218580098E-18, 7.0218580098E-18,            0
1.80800E+02, 7.1992975627E-18, 7.1992975627E-18,            0
1.80900E+02, 6.9584989202E-18, 6.9584989202E-18,            0
1.81000E+02, 6.5627980567E-18, 6.5627980567E-18,            0
1.81100E+02, 6.1800221837E-18, 6.1800221837E-18,            0
1.81200E+02, 5.8158968732E-18, 5.8158968732E-18,            0
1.81300E+02, 5.3669954657E-18, 5.3669954657E-18,            0
1.81400E+02, 4.9309168754E-18, 4.9309168754E-18,            0
1.81500E+02, 4.5760097083E-18, 4.5760097083E-18,            0
1.81600E+02, 4.1598125625E-18, 4.1598125625E-18,            0
1.81700E+02, 3.8456029243E-18, 3.8456029243E-18,            0
1.81800E+02, 3.6959170437E-18, 3.6959170437E-18,            0
1.81900E+02, 3.4848475162E-18, 3.4848475162E-18,            0
1.82000E+02, 3.2786724667E-18, 3.2786724667E-18,            0
1.82100E+02, 3.1784037463E-18, 3.1784037463E-18,            0
1.82200E+02, 3.0717833500E-18, 3.0717833500E-18,            0
1.82300E+02, 3.0476952613E-18, 3.0476952613E-18,            0
1.82400E+02, 3.0618117257E-18, 3.0618117257E-18,            0
1.82500E+02, 3.1224925144E-18, 3.1224925144E-18,            0
1.82600E+02, 3.3491914539E-18, 3.3491914539E-18,            0
1.82700E+02, 3.5626074007E-18, 3.5626074007E-18,            0
1.82800E+02, 3.7971156325E-18, 3.7971156325E-18,            0
1.82900E+02, 4.1192387551E-18, 4.1192387551E-18,            0
1.83000E+02, 4.4169707573E-18, 4.4169707573E-18,            0
1.83100E+02, 5.0611121582E-18, 5.0611121582E-18,            0
1.83200E+02, 5.6515023352E-18, 5.6515023352E-18,            0
1.83300E+02, 6.0785417012E-18, 6.0785417012E-18,            0
1.83400E+02, 6.8064055189E-18, 6.8064055189E-18,            0
1.83500E+02, 7.4518358307E-18, 7.4518358307E-18,            0
1.83600E+02, 8.2654650993E-18, 8.2654650993E-18,            0
1.83700E+02, 8.8618716015E-18, 8.8618716015E-18,            0
1.83800E+02, 9.2233878171E-18, 9.2233878171E-18,            0
1.83900E+02, 9.4943014161E-18, 9.4943014161E-18,            0
1.84000E+02, 9.3932926568E-18, 9.3932926568E-18,            0
1.84100E+02, 9.0656283588E-18, 9.0656283588E-18,            0
1.84200E+02, 8.5804249929E-18, 8.5804249929E-18,            0
1.84300E+02, 8.0510605995E-18, 8.0510605995E-18,            0
1.84400E+02, 7.4978839150E-18, 7.4978839150E-18,            0
1.84500E+02, 6.9318474641E-18, 6.9318474641E-18,            0
1.84600E+02, 6.2588192064E-18, 6.2588192064E-18,            0
1.84700E+02, 5.7854474177E-18, 5.7854474177E-18,            0
1.84800E+02, 5.3479841048E-18, 5.3479841048E-18,            0
1.84900E+02, 4.8884675098E-18, 4.8884675098E-18,            0
1.85000E+02, 4.5700532195E-18, 4.5700532195E-18,            0
1.85100E+02, 4.3008321208E-18, 4.3008321208E-18,            0
1.85200E+02, 4.0387391073E-18, 4.0387391073E-18,            0
1.85300E+02, 3.8576734057E-18, 3.8576734057E-18,            0
1.85400E+02, 3.7595981108E-18, 3.7595981108E-18,            0
1.85500E+02, 3.7773480878E-18, 3.7773480878E-18,            0
1.85600E+02, 3.6711210392E-18, 3.6711210392E-18,            0
1.85700E+02, 3.7317931609E-18, 3.7317931609E-18,            0
1.85800E+02, 3.8940385658E-18, 3.8940385658E-18,            0
1.85900E+02, 4.0560177150E-18, 4.0560177150E-18,            0
1.86000E+02, 4.3161908493E-18, 4.3161908493E-18,            0
1.86100E+02, 4.6499606032E-18, 4.6499606032E-18,            0
1.86200E+02, 5.0614852363E-18, 5.0614852363E-18,            0
1.86300E+02, 5.5775918103E-18, 5.5775918103E-18,            0
1.86400E+02, 6.2234967451E-18, 6.2234967451E-18,            0
1.86500E+02, 7.0317721193E-18, 7.0317721193E-18,            0
1.86600E+02, 7.8285865585E-18, 7.8285865585E-18,            0
1.86700E+02, 8.8443733817E-18, 8.8443733817E-18,            0
1.86800E+02, 9.8056093809E-18, 9.8056093809E-18,            0
1.86900E+02, 1.0584937271E-17, 1.0584937271E-17,            0
1.87000E+02, 1.1256014931E-17, 1.1256014931E-17,            0
1.87100E+02, 1.1593498460E-17, 1.1593498460E-17,            0
1.87200E+02, 1.1646451420E-17, 1.1646451420E-17,            0
1.87300E+02, 1.1422995982E-17, 1.1422995982E-17,            0
1.87400E+02, 1.0988444018E-17, 1.0988444018E-17,            0
1.87500E+02, 1.0321850944E-17, 1.0321850944E-17,            0
1.87600E+02, 9.6750216128E-18, 9.6750216128E-18,            0
1.87700E+02, 8.8508629636E-18, 8.8508629636E-18,            0
1.87800E+02, 8.1017681399E-18, 8.1017681399E-18,            0
1.87900E+02, 7.3859031531E-18, 7.3859031531E-18,            0
1.88000E+02, 6.7412478951E-18, 6.7412478951E-18,            0
1.88100E+02, 6.2191261830E-18, 6.2191261830E-18,            0
1.88200E+02, 5.6656990408E-18, 5.6656990408E-18,            0
1.88300E+02, 5.2542796336E-18, 5.2542796336E-18,            0
1.88400E+02, 4.8332470152E-18, 4.8332470152E-18,            0
1.88500E+02, 4.4458863350E-18, 4.4458863350E-18,            0
1.88600E+02, 4.2264902619E-18, 4.2264902619E-18,            0
1.88700E+02, 4.1054429826E-18, 4.1054429826E-18,            0
1.88800E+02, 3.8791653551E-18, 3.8791653551E-18,            0
1.88900E+02, 3.9244504144E-18, 3.9244504144E-18,            0
1.89000E+02, 3.8095639295E-18, 3.8095639295E-18,            0
1.89100E+02, 3.9522724736E-18, 3.9522724736E-18,            0
1.89200E+02, 4.0293077814E-18, 4.0293077814E-18,            0
1.89300E+02, 4.3077368310E-18, 4.3077368310E-18,            0
1.89400E+02, 4.7135586714E-18, 4.7135586714E-18,            0
1.89500E+02, 5.0393726739E-18, 5.0393726739E-18,            0
1.89600E+02, 5.6226449881E-18, 5.6226449881E-18,            0
1.89700E+02, 6.3001226383E-18, 6.3001226383E-18,            0
1.89800E+02, 7.2842554072E-18, 7.2842554072E-18,            0
1.89900E+02, 8.2659583494E-18, 8.2659583494E-18,            0
1.90000E+02, 9.4911112394E-18, 9.4911112394E-18,            0
1.90100E+02, 1.0655714815E-17, 1.0655714815E-17,            0
1.90200E+02, 1.1672359780E-17, 1.1672359780E-17,            0
1.90300E+02, 1.2556924090E-17, 1.2556924090E-17,            0
1.90400E+02, 1.3113363540E-17, 1.3113363540E-17,            0
1.90500E+02, 1.3230588698E-17, 1.3230588698E-17,            0
1.90600E+02, 1.3048956865E-17, 1.3048956865E-17,            0
1.90700E+02, 1.2692619241E-17, 1.2692619241E-17,            0
1.90800E+02, 1.1962186771E-17, 1.1962186771E-17,            0
1.90900E+02, 1.1141894086E-17, 1.1141894086E-17,            0
1.91000E+02, 1.0361011788E-17, 1.0361011788E-17,            0
1.91100E+02, 9.5194568599E-18, 9.5194568599E-18,            0
1.91200E+02, 8.5622652049E-18, 8.5622652049E-18,            0
1.91300E+02, 7.7460666904E-18, 7.7460666904E-18,            0
1.91400E+02, 7.1052838557E-18, 7.1052838557E-18,            0
1.91500E+02, 6.5177326088E-18, 6.5177326088E-18,            0
1.91600E+02, 5.8880130355E-18, 5.8880130355E-18,            0
1.91700E+02, 5.3905766090E-18, 5.3905766090E-18,            0
1.91800E+02, 4.8456821672E-18, 4.8456821672E-18,            0
1.91900E+02, 4.6184910936E-18, 4.6184910936E-18,            0
1.92000E+02, 4.2539868015E-18, 4.2539868015E-18,            0
1.92100E+02, 4.0175572165E-18, 4.0175572165E-18,            0
1.92200E+02, 3.8986543537E-18, 3.8986543537E-18,            0
1.92300E+02, 3.7477251184E-18, 3.7477251184E-18,            0
1.92400E+02, 3.6323128214E-18, 3.6323128214E-18,            0
1.92500E+02, 3.7246515698E-18, 3.7246515698E-18,            0
1.92600E+02, 3.8419228677E-18, 3.8419228677E-18,            0
1.92700E+02, 3.9452514921E-18, 3.9452514921E-18,            0
1.92800E+02, 4.0535133263E-18, 4.0535133263E-18,            0
1.92900E+02, 4.3733533090E-18, 4.3733533090E-18,            0
1.93000E+02, 4.9033418446E-18, 4.9033418446E-18,            0
1.93100E+02, 5.5759209613E-18, 5.5759209613E-18,            0
1.93200E+02, 6.4865630603E-18, 6.4865630603E-18,            0
1.93300E+02, 7.6822389401E-18, 7.6822389401E-18,            0
1.93400E+02, 8.9121158379E-18, 8.9121158379E-18,            0
1.93500E+02, 1.0320847565E-17, 1.0320847565E-17,            0
1.93600E+02, 1.1684200678E-17, 1.1684200678E-17,            0
1.93700E+02, 1.2643799648E-17, 1.2643799648E-17,            0
1.93800E+02, 1.3406240566E-17, 1.3406240566E-17,            0
1.93900E+02, 1.3645511111E-17, 1.3645511111E-17,            0
1.94000E+02, 1.3562476999E-17, 1.3562476999E-17,            0
1.94100E+02, 1.3197672246E-17, 1.3197672246E-17,            0
1.94200E+02, 1.2515976864E-17, 1.2515976864E-17,            0
1.94300E+02, 1.1730531939E-17, 1.1730531939E-17,            0
1.94400E+02, 1.0760749751E-17, 1.0760749751E-17,            0
1.94500E+02, 9.7504062924E-18, 9.7504062924E-18,            0
1.94600E+02, 8.8954411132E-18, 8.8954411132E-18,            0
1.94700E+02, 8.0844988195E-18, 8.0844988195E-18,            0
1.94800E+02, 7.2025309864E-18, 7.2025309864E-18,            0
1.94900E+02, 6.5831667103E-18, 6.5831667103E-18,            0
1.95000E+02, 5.7812516474E-18, 5.7812516474E-18,            0
1.95100E+02, 5.3266651205E-18, 5.3266651205E-18,            0
1.95200E+02, 4.8474407213E-18, 4.8474407213E-18,            0
1.95300E+02, 4.2967379719E-18, 4.2967379719E-18,            0
1.95400E+02, 4.0275921801E-18, 4.0275921801E-18,            0
1.95500E+02, 3.7299146839E-18, 3.7299146839E-18,            0
1.95600E+02, 3.4193780164E-18, 3.4193780164E-18,            0
1.95700E+02, 3.2041505731E-18, 3.2041505731E-18,            0
1.95800E+02, 3.0964757882E-18, 3.0964757882E-18,            0
1.95900E+02, 3.0094863802E-18, 3.0094863802E-18,            0
1.96000E+02, 3.0696686153E-18, 3.0696686153E-18,            0
1.96100E+02, 2.9960597113E-18, 2.9960597113E-18,            0
1.96200E+02, 3.0448369295E-18, 3.0448369295E-18,            0
1.96300E+02, 3.1919344701E-18, 3.1919344701E-18,            0
1.96400E+02, 3.3873292716E-18, 3.3873292716E-18,            0
1.96500E+02, 3.6878242361E-18, 3.6878242361E-18,            0
1.96600E+02, 4.0824249032E-18, 4.0824249032E-18,            0
1.96700E+02, 4.8166418904E-18, 4.8166418904E-18,            0
1.96800E+02, 5.9570612307E-18, 5.9570612307E-18,            0
1.96900E+02, 7.3277082693E-18, 7.3277082693E-18,            0
1.97000E+02, 8.8508188482E-18, 8.8508188482E-18,            0
1.97100E+02, 1.0477245460E-17, 1.0477245460E-17,            0
1.97200E+02, 1.1732481644E-17, 1.1732481644E-17,            0
1.97300E+02, 1.2483939958E-17, 1.2483939958E-17,            0
1.97400E+02, 1.2915272541E-17, 1.2915272541E-17,            0
1.97500E+02, 1.2827325618E-17, 1.2827325618E-17,            0
1.97600E+02, 1.2384455196E-17, 1.2384455196E-17,            0
1.97700E+02, 1.1790545263E-17, 1.1790545263E-17,            0
1.97800E+02, 1.0962211919E-17, 1.0962211919E-17,            0
1.97900E+02, 1.0118528446E-17, 1.0118528446E-17,            0
1.98000E+02, 9.1578651801E-18, 9.1578651801E-18,            0
1.98100E+02, 8.2968392890E-18, 8.2968392890E-18,            0
1.98200E+02, 7.3794805282E-18, 7.3794805282E-18,            0
1.98300E+02, 6.5978274397E-18, 6.5978274397E-18,            0
1.98400E+02, 5.8986679012E-18, 5.8986679012E-18,            0
1.98500E+02, 5.2060059813E-18, 5.2060059813E-18,            0
1.98600E+02, 4.7084271567E-18, 4.7084271567E-18,            0
1.98700E+02, 4.1462011883E-18, 4.1462011883E-18,            0
1.98800E+02, 3.6816780272E-18, 3.6816780272E-18,            0
1.98900E+02, 3.3547548423E-18, 3.3547548423E-18,            0
1.99000E+02, 2.9819248907E-18, 2.9819248907E-18,            0
1.99100E+02, 2.7000843394E-18, 2.7000843394E-18,            0
1.99200E+02, 2.4869099290E-18, 2.4869099290E-18,            0
1.99300E+02, 2.3255447725E-18, 2.3255447725E-18,            0
1.99400E+02, 2.1936974067E-18, 2.1936974067E-18,            0
1.99500E+02, 2.0800339825E-18, 2.0800339825E-18,            0
1.99600E+02, 2.0788728636E-18, 2.0788728636E-18,            0
1.99700E+02, 2.0122923142E-18, 2.0122923142E-18,            0
1.99800E+02, 2.0978792952E-18, 2.0978792952E-18,            0
1.99900E+02, 2.1011563714E-18, 2.1011563714E-18,            0
2.00000E+02, 2.0842749191E-18, 2.0842749191E-18,            0
2.00100E+02, 2.2909209634E-18, 2.2909209634E-18,            0
2.00200E+02, 2.5042803130E-18, 2.5042803130E-18,            0
2.00300E+02, 2.9613309775E-18, 2.9613309775E-18,            0
2.00400E+02, 3.7176698831E-18, 3.7176698831E-18,            0
2.00500E+02, 4.9411020654E-18, 4.9411020654E-18,            0
2.00600E+02, 6.5356661967E-18, 6.5356661967E-18,            0
2.00700E+02, 8.1676104601E-18, 8.1676104601E-18,            0
2.00800E+02, 9.4951925593E-18, 9.4951925593E-18,            0
2.00900E+02, 1.0346748194E-17, 1.0346748194E-17,            0
2.01000E+02, 1.0869425823E-17, 1.0869425823E-17,            0
2.01100E+02, 1.0818276936E-17, 1.0818276936E-17,            0
2.01200E+02, 1.0510117656E-17, 1.0510117656E-17,            0